Image Name,x1,y1,x2,y2
Image Name,x1,y1,x2,y2
anic32-066657-1_p_1.jpg,387,141,901,304
anic32-900003-2_p_1.jpg,319,214,638,339
anic32-900082-2_p_1.jpg,224,302,548,402
anic32-900093_p_1.jpg,375,237,725,321
anic32-900117-2_p_1.jpg,275,175,625,323
anic32-900180-1_p_1.jpg,320,236,699,334
anic32032053_p_1.jpg,322,156,673,359
antweb1008035_p_1.jpg,309,179,743,279
antweb1008056_p_1.jpg,360,210,668,325
antweb1008061_p_1.jpg,323,188,659,322
antweb1008062_p_1.jpg,358,173,780,309
antweb1008074_p_1.jpg,321,122,617,277
antweb1008091_p_1.jpg,391,141,771,279
antweb1008227_p_1.jpg,563,240,927,451
antweb1008284_p_1.jpg,274,233,757,276
antweb1008305_p_1.jpg,317,232,655,407
antweb1008318_p_1.jpg,235,182,537,286
antweb1008338_p_1.jpg,412,152,859,344
antweb1008355_p_1.jpg,400,192,873,293
antweb1008357_p_1.jpg,544,274,862,405
antweb1008410_p_1.jpg,462,232,1103,647
antweb1008424_p_1.jpg,549,176,1103,361
antweb1008440_p_1.jpg,765,398,483,396
antweb1008442_p_1.jpg,400,140,773,232
antweb1008622_p_1.jpg,265,190,600,234
antweb1008678_p_1.jpg,238,153,640,290
antweb1008691_p_1.jpg,329,283,628,313
antweb1008697_p_1.jpg,188,168,492,212
antweb1008723_p_1.jpg,242,197,540,247
antweb1008727_p_1.jpg,257,247,537,308
antweb1008774_p_1.jpg,244,162,525,267
antweb1008775_p_1.jpg,436,174,840,240
antweb1008979_p_1.jpg,242,93,597,257
antweb1009855_p_1.jpg,551,143,980,350
antweb1032315_p_1.jpg,263,111,586,281
antweb1032426_p_1.jpg,651,138,1109,229
antweb1032530_p_1.jpg,632,115,1070,383
antweb1038019_p_1.jpg,217,295,527,297
antweb1038560_p_1.jpg,258,250,594,377
antweb1038574_p_1.jpg,294,283,799,457
antweb1038578_p_1.jpg,703,334,1130,426
antweb1038998_p_1.jpg,613,128,1012,344
antweb1041106_p_1.jpg,395,211,757,273
antweb1041125_p_1.jpg,289,287,730,395
antweb1041155_p_1.jpg,449,166,678,245
antweb1041159_p_1.jpg,615,208,922,363
antweb1041192_p_1.jpg,178,135,569,308
antweb1041216_p_1.jpg,244,120,533,182
antweb1041220_p_1.jpg,143,142,449,288
antweb1041261_p_1.jpg,431,341,789,383
antweb1041296_p_1.jpg,367,297,793,361
antweb1041375_p_1.jpg,372,394,722,545
antweb1041401_p_1.jpg,321,211,884,312
antweb1041428_p_1.jpg,411,250,881,283
antweb1041432_p_1.jpg,275,277,991,573
antweb1041454_p_1.jpg,399,174,880,313
antweb1041538_p_1.jpg,405,198,883,278
antweb1041556_p_1.jpg,434,226,931,376
antweb1041560_p_1.jpg,438,299,934,572
antweb1041585_p_1.jpg,512,138,957,402
antweb1041600_p_1.jpg,460,147,999,331
antweb1041611_p_1.jpg,483,325,960,493
antweb1041638_p_1.jpg,638,389,1060,595
antweb1041640_p_1.jpg,309,221,857,446
antweb1041649_p_1.jpg,586,225,976,431
antweb1041665_p_1.jpg,496,204,934,566
antweb1041677_p_1.jpg,483,75,973,359
antweb1041688_p_1.jpg,457,218,812,383
antweb1048510_p_1.jpg,656,530,1046,601
antweb1048538_p_1.jpg,455,419,984,455
antweb1053075_p_1.jpg,250,179,754,377
atpfor1881_p_1.jpg,338,126,747,223
casent0000190_p_1.jpg,510,202,971,390
casent0000381_p_1.jpg,486,210,896,387
casent0000556_p_1.jpg,227,114,509,212
casent0002257_p_1.jpg,226,256,560,326
casent0003046_p_1.jpg,434,241,957,427
casent0003063_p_1.jpg,155,133,573,232
casent0003107_p_1.jpg,199,111,599,260
casent0003113_p_1.jpg,161,145,552,255
casent0003149_p_1.jpg,324,184,740,361
casent0003193_p_1.jpg,338,157,663,283
casent0003206_p_1.jpg,355,152,702,289
casent0003312_p_1.jpg,246,116,618,216
casent0003316_p_1.jpg,257,159,594,258
casent0004300_p_1.jpg,327,173,648,197
casent0004369_p_1.jpg,676,116,1043,316
casent0004516_p_1.jpg,285,116,600,222
casent0004519_p_1.jpg,325,166,673,216
casent0004528_p_1.jpg,273,235,647,347
casent0005294_p_1.jpg,425,243,934,470
casent0005318_p_1.jpg,344,165,667,230
casent0005354_p_1.jpg,225,234,643,226
casent0005383_p_1.jpg,270,83,548,186
casent0005413_p_1.jpg,277,159,706,312
casent0005461_p_1.jpg,301,130,608,292
casent0005472_p_1.jpg,335,262,670,378
casent0005496_p_1.jpg,616,223,1038,330
casent0005512_p_1.jpg,365,135,710,316
casent0005541_p_1.jpg,698,159,977,305
casent0005564_p_1.jpg,668,137,965,341
casent0005569_p_1.jpg,525,109,914,261
casent0005599_p_1.jpg,424,150,767,357
casent0005629_p_1.jpg,515,201,842,305
casent0005690_p_1.jpg,402,190,858,318
casent0005699_p_1.jpg,223,120,564,157
casent0005718_p_1.jpg,239,192,500,234
casent0005723_p_1.jpg,167,131,414,159
casent0005749_p_1.jpg,252,187,603,227
casent0005761_p_1.jpg,299,153,657,266
casent0005762_p_1.jpg,264,121,662,201
casent0005808_p_1.jpg,298,105,664,188
casent0005835_p_1.jpg,225,138,580,258
casent0005866_p_1.jpg,361,187,767,341
casent0005869_p_1.jpg,356,102,759,213
casent0005904_p_1.jpg,253,151,597,249
casent0005990_p_1.jpg,480,159,818,289
casent0006075_p_1.jpg,333,162,720,250
casent0006081_p_1.jpg,199,148,539,304
casent0008623_p_1.jpg,703,346,1023,405
casent0008640_p_1.jpg,210,168,595,238
casent0008660_p_1.jpg,243,116,610,188
casent0009409_p_1.jpg,249,151,732,221
casent0010031_p_1.jpg,261,107,640,253
casent0010676_p_1.jpg,201,153,522,264
casent0010694_p_1.jpg,320,161,601,286
casent0010696_p_1.jpg,182,214,492,299
casent0010789_p_1.jpg,296,131,570,269
casent0010792_p_1.jpg,245,90,588,223
casent0010793_p_1.jpg,241,158,619,255
casent0010973_p_1.jpg,257,134,623,266
casent0012048_p_1.jpg,206,135,508,247
casent0012098_p_1.jpg,149,229,383,245
casent0012212_p_1.jpg,422,243,777,308
casent0012840_p_1.jpg,249,90,603,179
casent0012860_p_1.jpg,251,120,640,223
casent0020507_p_1.jpg,235,200,585,275
casent0029098_p_1.jpg,234,118,584,245
casent0031004_p_1.jpg,155,170,538,229
casent0035010_p_1.jpg,277,253,635,284
casent0038402_p_1.jpg,425,81,735,287
casent0038460_p_1.jpg,275,105,527,222
casent0039117_p_1.jpg,331,190,568,299
casent0039797_p_1.jpg,247,140,551,253
casent0040645_p_1.jpg,220,168,543,258
casent0040665_p_1.jpg,243,155,599,227
casent0040714_p_1.jpg,452,212,771,262
casent0042834_p_1.jpg,265,146,635,282
casent0045443_p_1.jpg,304,251,639,319
casent0045828_p_1.jpg,328,153,558,306
casent0046163_p_1.jpg,370,141,742,281
casent0047243_p_1.jpg,296,138,536,278
casent0049170_p_1.jpg,360,142,601,282
casent0049788_p_1.jpg,250,130,601,264
casent0052775_p_1.jpg,269,185,650,325
casent0055527_p_1.jpg,295,220,619,398
casent0055998_p_1.jpg,395,179,829,307
casent0059041_p_1.jpg,375,143,653,251
casent0059729_p_1.jpg,278,103,600,221
casent0060617_p_1.jpg,479,196,785,367
casent0066898_p_1.jpg,231,127,640,253
casent0068044_p_1.jpg,277,164,622,284
casent0068113_p_1.jpg,346,192,689,278
casent0069883_p_1.jpg,347,154,681,279
casent0070200_p_1.jpg,345,130,741,245
casent0071537_p_1.jpg,265,98,541,200
casent0071966_p_1.jpg,285,135,515,223
casent0072418_p_1.jpg,341,113,704,206
casent0073463_p_1.jpg,410,105,680,239
casent0073706_p_1.jpg,357,138,683,227
casent0074674_p_1.jpg,167,138,471,201
casent0076951_p_1.jpg,421,149,655,306
casent0077516_p_1.jpg,177,151,527,159
casent0080781_p_1.jpg,189,225,569,291
casent0082897_p_1.jpg,374,223,669,363
casent0096107_p_1.jpg,253,107,550,247
casent0099423_p_1.jpg,596,247,1089,393
casent0100577_p_1.jpg,364,183,660,267
casent0101056_p_1.jpg,280,112,699,223
casent0101061_p_1.jpg,383,70,612,262
casent0101066_p_1.jpg,414,268,901,375
casent0101074_p_1.jpg,288,144,706,312
casent0101078_p_1.jpg,370,309,817,521
casent0101140_p_1.jpg,773,159,1218,397
casent0101154_p_1.jpg,454,293,944,378
casent0101169_p_1.jpg,327,294,559,492
casent0101232_p_1.jpg,321,263,774,393
casent0101289_p_1.jpg,339,165,680,289
casent0101340_p_1.jpg,246,194,579,264
casent0101353_p_1.jpg,246,251,606,316
casent0101413_p_1.jpg,369,279,716,349
casent0101444_p_1.jpg,262,188,721,247
casent0101448_p_1.jpg,214,153,549,288
casent0101453_p_1.jpg,667,286,970,327
casent0101469_p_1.jpg,497,197,946,332
casent0101477_p_1.jpg,314,157,692,255
casent0101487_p_1.jpg,253,347,555,448
casent0101554_p_1.jpg,381,146,639,273
casent0101560_p_1.jpg,531,184,931,402
casent0101572_p_1.jpg,392,360,779,429
casent0101575_p_1.jpg,302,123,716,287
casent0101686_p_1.jpg,319,208,588,363
casent0101744_p_1.jpg,359,300,668,355
casent0101746_p_1.jpg,173,166,540,223
casent0101777_p_1.jpg,463,273,842,383
casent0101829_p_1.jpg,385,246,700,412
casent0101842_p_1.jpg,216,252,615,271
casent0101850_p_1.jpg,425,219,865,390
casent0101854_p_1.jpg,263,241,699,347
casent0101916_p_1.jpg,298,250,567,116
casent0101946_p_1.jpg,553,137,952,227
casent0101953_p_1.jpg,273,150,735,241
casent0101993_p_1.jpg,1173,201,1702,377
casent0101998_p_1.jpg,201,179,444,361
casent0102009_p_1.jpg,306,198,617,325
casent0102035_p_1.jpg,244,217,645,342
casent0102094_p_1.jpg,558,358,844,432
casent0102106_p_1.jpg,378,261,737,379
casent0102107_p_1.jpg,413,200,816,360
casent0102122_p_1.jpg,583,268,1204,376
casent0102214_p_1.jpg,236,133,562,214
casent0102238_p_1.jpg,151,114,558,221
casent0102256_p_1.jpg,280,122,599,269
casent0102275_p_1.jpg,212,155,560,212
casent0102278_p_1.jpg,178,300,617,394
casent0102279_p_1.jpg,153,159,570,234
casent0102309_p_1.jpg,509,358,896,452
casent0102315_p_1.jpg,736,223,347,415
casent0102319_p_1.jpg,924,417,604,515
casent0102322_p_1.jpg,247,137,616,302
casent0102341_p_1.jpg,251,149,610,253
casent0102348_p_1.jpg,353,167,608,253
casent0102398_p_1.jpg,435,127,697,218
casent0102440_p_1.jpg,370,182,687,338
casent0102447_p_1.jpg,433,256,776,369
casent0102483_p_1.jpg,283,157,605,227
casent0102499_p_1.jpg,466,151,739,220
casent0102506_p_1.jpg,368,227,697,313
casent0102510_p_1.jpg,330,241,769,327
casent0102518_p_1.jpg,360,195,708,423
casent0102538_p_1.jpg,324,355,649,375
casent0102548_p_1.jpg,321,238,690,323
casent0102550_p_1.jpg,277,149,603,295
casent0102586_p_1.jpg,328,255,690,378
casent0102647_p_1.jpg,407,166,736,282
casent0102650_p_1.jpg,548,160,831,340
casent0102671_p_1.jpg,368,188,674,343
casent0102688_p_1.jpg,332,127,636,194
casent0102753_p_1.jpg,385,133,683,278
casent0102763_p_1.jpg,231,72,563,218
casent0102806_p_1.jpg,294,137,586,341
casent0102835_p_1.jpg,476,172,827,275
casent0102882_p_1.jpg,369,164,630,269
casent0102897_p_1.jpg,238,129,614,273
casent0102953_p_1.jpg,766,394,1153,542
casent0103001_p_1.jpg,604,417,883,448
casent0103101_p_1.jpg,199,247,536,330
casent0103112_p_1.jpg,261,186,655,363
casent0103140_p_1.jpg,388,208,746,376
casent0103147_p_1.jpg,487,165,824,267
casent0103168_p_1.jpg,451,149,811,362
casent0103195_p_1.jpg,190,188,577,308
casent0103207_p_1.jpg,251,391,593,402
casent0103221_p_1.jpg,298,338,578,487
casent0103239_p_1.jpg,344,224,659,323
casent0103244_p_1.jpg,293,188,557,306
casent0103324_p_1.jpg,269,155,631,272
casent0103349_p_1.jpg,181,137,583,330
casent0103366_p_1.jpg,203,208,741,339
casent0103390_p_1.jpg,215,162,683,221
casent0103402_p_1.jpg,365,290,736,342
casent0103436_p_1.jpg,365,179,627,271
casent0103443_p_1.jpg,293,168,643,262
casent0103447_p_1.jpg,270,216,628,313
casent0103463_p_1.jpg,343,133,739,282
casent0103599_p_1.jpg,322,238,658,334
casent0103609_p_1.jpg,330,109,645,236
casent0103652_p_1.jpg,326,190,678,299
casent0103692_p_1.jpg,247,161,614,355
casent0103711_p_1.jpg,197,215,647,268
casent0103717_p_1.jpg,252,146,628,235
casent0103750_p_1.jpg,391,186,654,315
casent0103819_p_1.jpg,376,123,774,297
casent0103850_p_1.jpg,332,241,662,402
casent0103910_p_1.jpg,282,124,750,240
casent0103976_p_1.jpg,329,148,691,195
casent0104027_p_1.jpg,367,236,658,306
casent0104032_p_1.jpg,282,166,597,310
casent0104187_p_1.jpg,191,138,578,216
casent0104287_p_1.jpg,301,153,686,346
casent0104292_p_1.jpg,273,181,579,363
casent0104420_p_1.jpg,301,227,675,363
casent0104455_p_1.jpg,375,145,716,315
casent0104463_p_1.jpg,334,149,702,299
casent0104501_p_1.jpg,238,253,627,336
casent0104522_p_1.jpg,374,149,695,251
casent0104531_p_1.jpg,535,231,901,420
casent0104601_p_1.jpg,380,222,612,385
casent0104607_p_1.jpg,262,213,567,312
casent0104619_p_1.jpg,149,272,587,390
casent0104620_p_1.jpg,304,332,682,417
casent0104644_p_1.jpg,339,350,729,488
casent0104650_p_1.jpg,302,223,624,320
casent0104655_p_1.jpg,417,225,793,345
casent0104669_p_1.jpg,462,122,791,228
casent0104690_p_1.jpg,538,211,985,364
casent0104695_p_1.jpg,171,404,513,487
casent0104696_p_1.jpg,355,316,800,389
casent0104698_p_1.jpg,815,222,491,351
casent0104767_p_1.jpg,354,124,695,251
casent0104782_p_1.jpg,302,159,697,278
casent0104795_p_1.jpg,385,149,713,245
casent0104862_p_1.jpg,301,127,699,223
casent0104889_p_1.jpg,348,228,822,296
casent0104892_p_1.jpg,172,122,629,247
casent0104904_p_1.jpg,359,155,714,308
casent0104920_p_1.jpg,152,226,511,320
casent0104925_p_1.jpg,236,151,579,363
casent0104945_p_1.jpg,577,150,839,286
casent0105550_p_1.jpg,473,293,952,456
casent0105560_p_1.jpg,534,258,864,462
casent0105569_p_1.jpg,341,350,757,517
casent0105575_p_1.jpg,216,197,607,291
casent0105592_p_1.jpg,418,451,957,503
casent0105626_p_1.jpg,393,295,857,527
casent0105676_p_1.jpg,438,366,834,550
casent0105681_p_1.jpg,422,314,831,527
casent0105759_p_1.jpg,253,164,680,328
casent0105861_p_1.jpg,309,116,693,271
casent0105872_p_1.jpg,259,140,715,283
casent0106012_p_1.jpg,330,107,743,297
casent0106044_p_1.jpg,381,189,680,291
casent0106074_p_1.jpg,240,120,609,212
casent0106076_p_1.jpg,235,159,571,243
casent0106272_p_1.jpg,240,210,583,310
casent0106277_p_1.jpg,218,208,514,288
casent0106279_p_1.jpg,250,83,539,194
casent0106282_p_1.jpg,383,144,637,282
casent0106288_p_1.jpg,203,114,522,214
casent0106290_p_1.jpg,328,142,643,229
casent0106293_p_1.jpg,271,146,606,259
casent0106296_p_1.jpg,204,162,561,275
casent0106982_p_1.jpg,300,169,613,343
casent0107719_p_1.jpg,454,235,844,448
casent0118153_p_1.jpg,337,199,630,271
casent0118451_p_1.jpg,239,131,578,317
casent0119421_p_1.jpg,260,221,640,291
casent0119590_p_1.jpg,560,199,1004,444
casent0120025_p_1.jpg,300,119,693,256
casent0121639_p_1.jpg,215,100,517,229
casent0121843_p_1.jpg,236,90,586,232
casent0122880_p_1.jpg,448,290,910,491
casent0125127_p_1.jpg,375,153,738,249
casent0125328_p_1.jpg,218,150,565,271
casent0126485_p_1.jpg,205,138,557,273
casent0128289_p_1.jpg,373,242,922,326
casent0130472_p_1.jpg,190,120,461,247
casent0132233_p_1.jpg,236,113,618,246
casent0132534_p_1.jpg,257,177,521,330
casent0132632_p_1.jpg,214,144,540,229
casent0133049_p_1.jpg,372,186,708,273
casent0136683_p_1.jpg,313,198,612,307
casent0136912_p_1.jpg,250,174,600,239
casent0136995_p_1.jpg,196,216,570,247
casent0137796_p_1.jpg,337,213,663,245
casent0142632_p_1.jpg,341,133,590,271
casent0145395_p_1.jpg,259,133,626,229
casent0146743_p_1.jpg,288,205,640,330
casent0146830_p_1.jpg,323,211,567,377
casent0147271_p_1.jpg,178,118,526,253
casent0147491_p_1.jpg,174,120,484,221
casent0148662_p_1.jpg,534,226,922,461
casent0149041_p_1.jpg,318,198,691,315
casent0149638_p_1.jpg,252,103,626,210
casent0149655_p_1.jpg,333,202,615,317
casent0150215_p_1.jpg,405,255,906,378
casent0152345_p_1.jpg,374,142,628,326
casent0152490_p_1.jpg,244,111,563,264
casent0159915_p_1.jpg,336,150,798,256
casent0160137_p_1.jpg,329,97,698,287
casent0162513_p_1.jpg,297,132,674,262
casent0162822_p_1.jpg,343,216,617,317
casent0163326_p_1.jpg,312,98,561,258
casent0170305_p_1.jpg,334,237,870,453
casent0170321_p_1.jpg,470,199,802,344
casent0171044_p_1.jpg,297,138,557,256
casent0171141_p_1.jpg,416,120,707,275
casent0171155_p_1.jpg,545,99,853,243
casent0172041_p_1.jpg,275,142,756,299
casent0172170_p_1.jpg,258,107,603,260
casent0172203_p_1.jpg,564,301,940,421
casent0172260_p_1.jpg,279,214,636,283
casent0172384_p_1.jpg,122,92,516,212
casent0172403_p_1.jpg,398,263,741,352
casent0172432_p_1.jpg,260,135,645,267
casent0172439_p_1.jpg,220,194,572,278
casent0172460_p_1.jpg,389,118,680,203
casent0172472_p_1.jpg,179,176,525,284
casent0172484_p_1.jpg,180,329,521,386
casent0172626_p_1.jpg,326,127,645,194
casent0172631_p_1.jpg,286,209,603,289
casent0172647_p_1.jpg,367,151,715,229
casent0172649_p_1.jpg,326,200,705,287
casent0172665_p_1.jpg,225,251,584,363
casent0172718_p_1.jpg,383,179,734,265
casent0172767_p_1.jpg,452,196,758,270
casent0172774_p_1.jpg,199,151,584,306
casent0172782_p_1.jpg,429,293,767,394
casent0172807_p_1.jpg,189,220,575,291
casent0172811_p_1.jpg,133,144,516,232
casent0172822_p_1.jpg,254,223,563,303
casent0172834_p_1.jpg,248,146,572,243
casent0172846_p_1.jpg,348,330,663,373
casent0172864_p_1.jpg,219,181,579,223
casent0172919_p_1.jpg,208,124,540,234
casent0172962_p_1.jpg,298,155,660,284
casent0172995_p_1.jpg,295,177,601,271
casent0172996_p_1.jpg,202,300,557,376
casent0172997_p_1.jpg,248,241,633,359
casent0173003_p_1.jpg,213,202,626,298
casent0173017_p_1.jpg,219,159,621,312
casent0173060_p_1.jpg,211,210,505,330
casent0173063_p_1.jpg,165,142,462,240
casent0173108_p_1.jpg,289,139,634,245
casent0173147_p_1.jpg,250,221,584,295
casent0173155_p_1.jpg,260,144,540,306
casent0173189_p_1.jpg,174,173,517,247
casent0173201_p_1.jpg,281,235,641,320
casent0173211_p_1.jpg,337,350,582,415
casent0173243_p_1.jpg,328,124,686,260
casent0173263_p_1.jpg,304,146,623,249
casent0173321_p_1.jpg,365,144,725,237
casent0173374_p_1.jpg,235,153,537,247
casent0173403_p_1.jpg,194,98,562,258
casent0173429_p_1.jpg,326,168,673,311
casent0173445_p_1.jpg,260,129,619,225
casent0173447_p_1.jpg,319,210,634,361
casent0173470_p_1.jpg,349,124,712,262
casent0173497_p_1.jpg,367,225,682,316
casent0173518_p_1.jpg,208,129,571,238
casent0173519_p_1.jpg,223,133,654,282
casent0173559_p_1.jpg,210,166,566,240
casent0173562_p_1.jpg,282,175,610,236
casent0173572_p_1.jpg,272,267,611,334
casent0173670_p_1.jpg,226,135,620,258
casent0173688_p_1.jpg,233,189,572,286
casent0173698_p_1.jpg,365,313,657,377
casent0173706_p_1.jpg,315,274,726,369
casent0173720_p_1.jpg,177,191,525,283
casent0173726_p_1.jpg,210,159,549,214
casent0173733_p_1.jpg,133,149,496,201
casent0173814_p_1.jpg,261,201,727,339
casent0173840_p_1.jpg,227,168,601,264
casent0173868_p_1.jpg,243,218,590,291
casent0173873_p_1.jpg,315,120,684,208
casent0173876_p_1.jpg,210,218,557,328
casent0173894_p_1.jpg,394,243,686,385
casent0173933_p_1.jpg,199,190,514,308
casent0173935_p_1.jpg,264,339,522,424
casent0173964_p_1.jpg,153,199,634,293
casent0173995_p_1.jpg,286,159,670,291
casent0175418_p_1.jpg,209,120,509,232
casent0175503_p_1.jpg,232,145,537,261
casent0178004_p_1.jpg,299,203,632,291
casent0178018_p_1.jpg,358,181,738,286
casent0178078_p_1.jpg,306,124,619,247
casent0178082_p_1.jpg,379,173,714,323
casent0178120_p_1.jpg,330,181,686,216
casent0178122_p_1.jpg,270,225,607,385
casent0178128_p_1.jpg,566,270,831,394
casent0178136_p_1.jpg,256,259,632,281
casent0178148_p_1.jpg,290,147,633,244
casent0178149_p_1.jpg,175,243,562,262
casent0178152_p_1.jpg,315,208,639,245
casent0178168_p_1.jpg,221,201,590,256
casent0178173_p_1.jpg,238,129,593,255
casent0178179_p_1.jpg,168,192,562,278
casent0178224_p_1.jpg,202,127,572,264
casent0178256_p_1.jpg,378,142,704,295
casent0178260_p_1.jpg,201,151,638,256
casent0178281_p_1.jpg,396,166,652,291
casent0178288_p_1.jpg,245,210,584,302
casent0178330_p_1.jpg,348,159,667,251
casent0178367_p_1.jpg,225,446,421,492
casent0178368_p_1.jpg,183,150,567,230
casent0178372_p_1.jpg,125,107,485,238
casent0178398_p_1.jpg,235,170,539,210
casent0178406_p_1.jpg,159,133,503,210
casent0178420_p_1.jpg,277,158,629,234
casent0178447_p_1.jpg,197,151,531,247
casent0178472_p_1.jpg,580,241,900,343
casent0178523_p_1.jpg,226,163,556,251
casent0178531_p_1.jpg,354,162,740,293
casent0178539_p_1.jpg,262,138,592,177
casent0178605_p_1.jpg,326,133,719,225
casent0178615_p_1.jpg,310,173,579,291
casent0178651_p_1.jpg,330,208,616,286
casent0178652_p_1.jpg,436,218,753,301
casent0178659_p_1.jpg,192,124,632,210
casent0178687_p_1.jpg,280,131,651,234
casent0178712_p_1.jpg,229,149,636,216
casent0178742_p_1.jpg,198,328,504,373
casent0178776_p_1.jpg,299,182,622,248
casent0178795_p_1.jpg,243,98,562,194
casent0178824_p_1.jpg,260,133,616,181
casent0178841_p_1.jpg,221,232,590,286
casent0178853_p_1.jpg,215,149,585,221
casent0178854_p_1.jpg,184,144,533,260
casent0178867_p_1.jpg,457,189,796,267
casent0178876_p_1.jpg,225,124,566,227
casent0179013_p_1.jpg,527,243,886,293
casent0179433_p_1.jpg,330,103,619,212
casent0179461_p_1.jpg,304,189,542,281
casent0179473_p_1.jpg,381,164,621,304
casent0179484_p_1.jpg,335,288,610,359
casent0179511_p_1.jpg,297,127,538,249
casent0179522_p_1.jpg,234,175,549,326
casent0179540_p_1.jpg,271,118,566,308
casent0179543_p_1.jpg,492,266,824,413
casent0179585_p_1.jpg,329,170,598,291
casent0179617_p_1.jpg,267,127,697,238
casent0179649_p_1.jpg,310,140,633,338
casent0179655_p_1.jpg,301,124,665,312
casent0179663_p_1.jpg,363,116,685,299
casent0179665_p_1.jpg,300,212,582,341
casent0179668_p_1.jpg,206,172,603,278
casent0179857_p_1.jpg,307,133,683,267
casent0179901_p_1.jpg,237,116,543,205
casent0179905_p_1.jpg,304,187,609,300
casent0179933_p_1.jpg,322,107,643,238
casent0179935_p_1.jpg,432,179,757,296
casent0179939_p_1.jpg,368,171,714,244
casent0179949_p_1.jpg,331,143,644,280
casent0179952_p_1.jpg,229,186,514,315
casent0179969_p_1.jpg,232,100,542,194
casent0179983_p_1.jpg,245,210,597,299
casent0179994_p_1.jpg,237,199,602,334
casent0179999_p_1.jpg,246,148,638,257
casent0181607_p_1.jpg,231,92,570,210
casent0186141_p_1.jpg,254,107,698,264
casent0189170_p_1.jpg,288,135,625,256
casent0191412_p_1.jpg,178,109,471,234
casent0191630_p_1.jpg,228,144,573,264
casent0191658_p_1.jpg,393,131,706,319
casent0192423_p_1.jpg,357,151,737,221
casent0193112_p_1.jpg,354,135,637,225
casent0193229_p_1.jpg,299,312,578,414
casent0193399_p_1.jpg,305,119,605,200
casent0193596_p_1.jpg,317,146,590,264
casent0193640_p_1.jpg,296,107,539,225
casent0193778_p_1.jpg,214,124,511,238
casent0193787_p_1.jpg,180,100,440,194
casent0195294_p_1.jpg,295,116,608,247
casent0195405_p_1.jpg,266,111,543,221
casent0195580_p_1.jpg,441,160,830,215
casent0196540_p_1.jpg,256,121,599,184
casent0196869_p_1.jpg,280,127,601,218
casent0198520_p_1.jpg,315,146,588,256
casent0198764_p_1.jpg,283,151,563,291
casent0198769_p_1.jpg,243,138,461,240
casent0199116_p_1.jpg,364,182,686,358
casent0199152_p_1.jpg,226,111,516,269
casent0199276_p_1.jpg,538,144,816,264
casent0199292_p_1.jpg,402,162,708,295
casent0199586_p_1.jpg,385,117,708,263
casent0199831_p_1.jpg,390,143,716,280
casent0200874_p_1.jpg,654,122,1004,267
casent0217021_p_1.jpg,237,98,546,199
casent0217055_p_1.jpg,278,166,562,280
casent0217075_p_1.jpg,266,124,594,218
casent0217085_p_1.jpg,249,114,598,216
casent0217094_p_1.jpg,321,203,583,306
casent0217096_p_1.jpg,416,131,617,258
casent0217106_p_1.jpg,310,166,607,273
casent0217127_p_1.jpg,253,131,493,274
casent0217144_p_1.jpg,420,168,656,280
casent0217166_p_1.jpg,301,138,555,251
casent0217187_p_1.jpg,223,122,536,251
casent0217219_p_1.jpg,260,149,577,247
casent0217238_p_1.jpg,253,131,630,240
casent0217285_p_1.jpg,249,184,572,269
casent0217295_p_1.jpg,234,168,593,334
casent0217314_p_1.jpg,251,173,599,326
casent0217315_p_1.jpg,220,142,526,271
casent0217357_p_1.jpg,271,145,597,278
casent0217365_p_1.jpg,244,114,607,249
casent0217396_p_1.jpg,262,182,592,335
casent0217405_p_1.jpg,166,181,461,288
casent0217416_p_1.jpg,233,267,618,387
casent0217523_p_1.jpg,147,114,479,199
casent0217531_p_1.jpg,194,116,609,210
casent0217543_p_1.jpg,305,131,609,218
casent0217548_p_1.jpg,233,107,559,256
casent0217593_p_1.jpg,213,122,559,277
casent0217606_p_1.jpg,252,111,468,302
casent0217682_p_1.jpg,431,224,873,534
casent0217715_p_1.jpg,239,164,598,317
casent0217718_p_1.jpg,171,238,558,409
casent0217740_p_1.jpg,291,149,630,310
casent0217745_p_1.jpg,226,146,467,291
casent0217786_p_1.jpg,366,92,664,221
casent0217815_p_1.jpg,319,127,614,264
casent0217839_p_1.jpg,262,141,654,298
casent0217877_p_1.jpg,335,135,591,345
casent0217885_p_1.jpg,309,170,664,267
casent0217934_p_1.jpg,415,366,867,476
casent0217956_p_1.jpg,406,119,693,251
casent0217980_p_1.jpg,429,174,733,316
casent0218277_p_1.jpg,502,265,912,458
casent0218493_p_1.jpg,418,218,870,405
casent0218494_p_1.jpg,307,156,649,236
casent0219434_p_1.jpg,428,130,693,328
casent0219506_p_1.jpg,335,129,596,361
casent0219671_p_1.jpg,535,125,867,253
casent0219728_p_1.jpg,205,172,501,284
casent0219735_p_1.jpg,375,151,606,234
casent0219755_p_1.jpg,490,127,720,264
casent0219998_p_1.jpg,395,179,588,315
casent0220443_p_1.jpg,309,157,664,319
casent0226545_p_1.jpg,294,182,688,281
casent0227580_p_1.jpg,196,83,511,227
casent0227995_p_1.jpg,287,119,591,221
casent0235032_p_1.jpg,334,150,547,241
casent0235056_p_1.jpg,320,133,503,286
casent0235177_p_1.jpg,375,121,765,228
casent0235180_p_1.jpg,270,55,593,186
casent0235187_p_1.jpg,198,163,566,205
casent0235203_p_1.jpg,203,162,592,249
casent0235257_p_1.jpg,367,128,632,254
casent0235308_p_1.jpg,363,162,685,317
casent0235311_p_1.jpg,235,124,456,247
casent0235318_p_1.jpg,270,155,558,260
casent0235320_p_1.jpg,202,120,480,251
casent0235322_p_1.jpg,301,179,574,330
casent0235340_p_1.jpg,427,199,816,308
casent0235341_p_1.jpg,231,147,593,238
casent0235382_p_1.jpg,272,142,575,264
casent0235392_p_1.jpg,285,107,598,201
casent0235397_p_1.jpg,256,100,521,225
casent0235409_p_1.jpg,436,125,706,253
casent0235437_p_1.jpg,333,134,615,263
casent0235455_p_1.jpg,420,159,634,266
casent0235468_p_1.jpg,335,164,613,292
casent0235482_p_1.jpg,422,134,741,257
casent0235517_p_1.jpg,416,103,701,211
casent0235544_p_1.jpg,378,111,702,245
casent0235554_p_1.jpg,365,131,558,258
casent0235571_p_1.jpg,502,176,867,328
casent0235576_p_1.jpg,452,163,757,244
casent0235597_p_1.jpg,370,170,726,259
casent0235611_p_1.jpg,431,194,691,293
casent0235642_p_1.jpg,565,164,793,286
casent0235659_p_1.jpg,546,173,728,264
casent0235693_p_1.jpg,240,100,533,186
casent0235750_p_1.jpg,324,181,637,271
casent0235771_p_1.jpg,404,135,705,231
casent0235772_p_1.jpg,234,159,533,227
casent0235777_p_1.jpg,394,118,663,231
casent0235807_p_1.jpg,320,131,615,225
casent0235833_p_1.jpg,325,116,629,253
casent0235853_p_1.jpg,213,226,601,360
casent0235881_p_1.jpg,267,87,583,225
casent0235887_p_1.jpg,521,72,724,201
casent0235897_p_1.jpg,333,90,576,223
casent0235921_p_1.jpg,284,139,589,203
casent0235922_p_1.jpg,289,79,576,186
casent0235939_p_1.jpg,294,116,549,243
casent0235963_p_1.jpg,276,104,612,209
casent0235968_p_1.jpg,488,147,732,269
casent0235979_p_1.jpg,470,129,715,228
casent0235982_p_1.jpg,472,164,722,302
casent0235989_p_1.jpg,410,141,740,273
casent0246010_p_1.jpg,255,115,674,270
casent0246013_p_1.jpg,201,117,589,205
casent0246043_p_1.jpg,260,169,660,212
casent0246098_p_1.jpg,291,127,571,238
casent0246106_p_1.jpg,266,172,629,125
casent0246133_p_1.jpg,256,179,608,310
casent0246142_p_1.jpg,369,132,720,310
casent0246149_p_1.jpg,295,177,603,179
casent0246152_p_1.jpg,324,96,582,197
casent0246566_p_1.jpg,370,266,737,293
casent0246612_p_1.jpg,544,174,839,290
casent0246613_p_1.jpg,372,237,683,355
casent0246616_p_1.jpg,579,238,947,303
casent0246618_p_1.jpg,273,116,520,194
casent0246621_p_1.jpg,401,121,733,209
casent0246655_p_1.jpg,345,141,676,182
casent0246683_p_1.jpg,207,135,732,292
casent0247367_p_1.jpg,213,124,569,334
casent0249021_p_1.jpg,444,138,717,240
casent0249035_p_1.jpg,290,133,570,245
casent0249045_p_1.jpg,300,157,523,262
casent0249057_p_1.jpg,318,107,508,238
casent0249065_p_1.jpg,502,153,693,345
casent0249078_p_1.jpg,627,243,823,364
casent0249079_p_1.jpg,296,161,615,290
casent0249171_p_1.jpg,262,137,613,201
casent0249193_p_1.jpg,185,159,567,249
casent0249265_p_1.jpg,266,142,544,256
casent0249303_p_1.jpg,274,124,521,247
casent0249309_p_1.jpg,358,118,696,251
casent0249312_p_1.jpg,223,114,552,233
casent0249313_p_1.jpg,350,120,651,228
casent0249387_p_1.jpg,442,170,790,255
casent0249397_p_1.jpg,202,155,495,238
casent0249446_p_1.jpg,338,116,637,221
casent0249448_p_1.jpg,483,155,829,219
casent0249462_p_1.jpg,328,186,606,297
casent0249482_p_1.jpg,250,122,529,232
casent0249485_p_1.jpg,253,90,568,179
casent0249528_p_1.jpg,385,118,655,236
casent0249570_p_1.jpg,431,142,659,247
casent0249578_p_1.jpg,419,175,712,266
casent0249610_p_1.jpg,221,100,565,264
casent0249615_p_1.jpg,192,157,398,264
casent0249634_p_1.jpg,344,143,656,196
casent0249647_p_1.jpg,318,133,561,256
casent0249649_p_1.jpg,183,109,413,205
casent0249666_p_1.jpg,381,149,653,223
casent0249672_p_1.jpg,290,135,593,264
casent0249673_p_1.jpg,334,140,658,197
casent0249689_p_1.jpg,272,109,534,197
casent0249691_p_1.jpg,288,131,583,227
casent0249712_p_1.jpg,332,133,665,229
casent0249728_p_1.jpg,341,144,642,280
casent0249733_p_1.jpg,253,142,585,258
casent0249744_p_1.jpg,269,111,577,221
casent0249764_p_1.jpg,360,236,629,328
casent0249782_p_1.jpg,376,114,614,264
casent0249791_p_1.jpg,446,192,759,355
casent0249799_p_1.jpg,551,163,822,288
casent0249803_p_1.jpg,269,181,497,291
casent0249810_p_1.jpg,265,90,529,192
casent0249822_p_1.jpg,253,114,485,194
casent0249864_p_1.jpg,189,96,561,199
casent0249867_p_1.jpg,451,181,736,278
casent0249899_p_1.jpg,299,185,644,379
casent0249913_p_1.jpg,404,136,675,281
casent0249924_p_1.jpg,470,190,760,243
casent0249935_p_1.jpg,353,218,502,387
casent0249971_p_1.jpg,213,207,589,330
casent0249996_p_1.jpg,283,111,580,251
casent0250042_p_1.jpg,254,151,540,293
casent0250051_p_1.jpg,291,120,638,190
casent0250054_p_1.jpg,276,165,633,214
casent0250058_p_1.jpg,380,205,705,302
casent0250125_p_1.jpg,354,186,625,273
casent0250260_p_1.jpg,378,121,690,257
casent0250580_p_1.jpg,271,227,838,321
casent0250660_p_1.jpg,538,181,954,310
casent0250672_p_1.jpg,460,195,876,327
casent0250960_p_1.jpg,310,122,616,238
casent0251862_p_1.jpg,321,114,645,258
casent0251950_p_1.jpg,274,184,630,267
casent0252167_p_1.jpg,398,150,676,279
casent0252471_p_1.jpg,195,129,512,229
casent0252688_p_1.jpg,387,151,748,243
casent0252754_p_1.jpg,277,129,592,295
casent0252770_p_1.jpg,292,150,644,265
casent0253211_p_1.jpg,651,227,999,427
casent0254323_p_1.jpg,154,139,551,223
casent0255127_p_1.jpg,236,161,565,248
casent0255279_p_1.jpg,328,144,627,242
casent0255688_p_1.jpg,612,206,912,399
casent0255992_p_1.jpg,286,127,640,267
casent0256112_p_1.jpg,397,133,717,287
casent0256343_p_1.jpg,417,171,722,272
casent0256376_p_1.jpg,397,148,733,230
casent0256570_p_1.jpg,216,140,540,194
casent0256789_p_1.jpg,404,162,784,239
casent0256791_p_1.jpg,265,55,589,190
casent0257231_p_1.jpg,307,139,655,258
casent0257325_p_1.jpg,260,186,540,234
casent0258820_p_1.jpg,218,107,544,234
casent0259088_p_1.jpg,323,170,659,265
casent0260433_p_1.jpg,156,146,473,203
casent0260439_p_1.jpg,344,222,737,294
casent0260452_p_1.jpg,523,126,899,229
casent0260463_p_1.jpg,213,165,586,290
casent0260468_p_1.jpg,295,107,634,229
casent0260469_p_1.jpg,236,119,579,225
casent0260513_p_1.jpg,424,98,774,168
casent0260517_p_1.jpg,402,127,759,205
casent0263825_p_1.jpg,383,129,659,293
casent0263939_p_1.jpg,283,153,579,223
casent0263968_p_1.jpg,291,116,555,273
casent0264054_p_1.jpg,310,116,575,236
casent0264189_p_1.jpg,309,186,648,256
casent0264281_p_1.jpg,302,194,619,319
casent0266203_p_1.jpg,390,190,1011,376
casent0266422_p_1.jpg,612,257,1060,319
casent0269333_p_1.jpg,403,121,645,277
casent0270182_p_1.jpg,195,197,442,269
casent0270530_p_1.jpg,258,135,659,238
casent0270546_p_1.jpg,300,109,679,221
casent0270561_p_1.jpg,246,81,567,186
casent0270583_p_1.jpg,152,152,474,194
casent0270591_p_1.jpg,483,149,796,202
casent0270620_p_1.jpg,408,100,697,140
casent0270621_p_1.jpg,272,94,622,201
casent0270625_p_1.jpg,252,100,552,177
casent0280015_p_1.jpg,220,140,530,247
casent0280023_p_1.jpg,217,105,462,197
casent0280031_p_1.jpg,226,138,510,240
casent0280049_p_1.jpg,314,109,623,229
casent0280054_p_1.jpg,252,142,457,223
casent0280079_p_1.jpg,306,122,615,242
casent0280109_p_1.jpg,332,166,595,317
casent0280127_p_1.jpg,384,103,612,280
casent0280143_p_1.jpg,454,116,742,284
casent0280144_p_1.jpg,252,105,623,284
casent0280168_p_1.jpg,266,114,566,212
casent0280169_p_1.jpg,300,94,586,238
casent0280230_p_1.jpg,310,100,551,243
casent0280243_p_1.jpg,325,113,622,212
casent0280274_p_1.jpg,237,138,517,271
casent0280308_p_1.jpg,307,118,578,249
casent0280309_p_1.jpg,298,127,578,262
casent0280315_p_1.jpg,238,133,526,253
casent0280333_p_1.jpg,302,55,642,183
casent0280347_p_1.jpg,310,90,570,225
casent0280360_p_1.jpg,239,107,515,247
casent0280372_p_1.jpg,224,116,492,236
casent0280381_p_1.jpg,253,138,600,256
casent0280391_p_1.jpg,423,165,785,294
casent0280400_p_1.jpg,406,124,669,267
casent0280490_p_1.jpg,283,179,637,334
casent0280507_p_1.jpg,248,122,565,232
casent0280508_p_1.jpg,331,164,708,323
casent0280537_p_1.jpg,356,146,611,264
casent0280571_p_1.jpg,269,124,521,249
casent0280575_p_1.jpg,294,157,520,260
casent0280610_p_1.jpg,170,188,602,279
casent0280611_p_1.jpg,263,214,646,349
casent0280619_p_1.jpg,307,221,798,317
casent0280623_p_1.jpg,228,223,620,361
casent0280626_p_1.jpg,202,168,597,315
casent0280650_p_1.jpg,162,125,605,239
casent0280663_p_1.jpg,224,142,655,228
casent0280665_p_1.jpg,367,139,795,266
casent0280677_p_1.jpg,263,146,675,243
casent0280702_p_1.jpg,343,107,673,317
casent0280710_p_1.jpg,395,83,689,272
casent0280711_p_1.jpg,454,121,792,299
casent0280715_p_1.jpg,278,155,593,308
casent0280717_p_1.jpg,247,76,571,212
casent0280720_p_1.jpg,742,217,1045,374
casent0280740_p_1.jpg,406,131,731,299
casent0280881_p_1.jpg,285,131,637,271
casent0280900_p_1.jpg,260,138,588,264
casent0280915_p_1.jpg,379,182,809,312
casent0280917_p_1.jpg,351,147,707,297
casent0280967_p_1.jpg,273,124,699,264
casent0281007_p_1.jpg,440,114,689,227
casent0281027_p_1.jpg,146,100,459,271
casent0281051_p_1.jpg,160,120,637,277
casent0281083_p_1.jpg,414,127,838,221
casent0281123_p_1.jpg,351,138,578,304
casent0281131_p_1.jpg,336,151,605,317
casent0281133_p_1.jpg,336,261,662,366
casent0281191_p_1.jpg,389,98,702,291
casent0281217_p_1.jpg,224,225,565,365
casent0281228_p_1.jpg,280,122,608,286
casent0281233_p_1.jpg,161,153,566,205
casent0281236_p_1.jpg,248,146,554,297
casent0281239_p_1.jpg,240,116,640,280
casent0281265_p_1.jpg,315,109,658,326
casent0281280_p_1.jpg,220,116,511,256
casent0281285_p_1.jpg,274,121,620,318
casent0281286_p_1.jpg,289,155,632,280
casent0281293_p_1.jpg,218,85,605,238
casent0281299_p_1.jpg,288,85,646,264
casent0281305_p_1.jpg,257,137,595,298
casent0281320_p_1.jpg,343,142,729,344
casent0281322_p_1.jpg,174,127,500,273
casent0281342_p_1.jpg,449,134,800,319
casent0281344_p_1.jpg,430,138,712,297
casent0281363_p_1.jpg,338,151,649,280
casent0281419_p_1.jpg,267,159,639,308
casent0281459_p_1.jpg,377,234,659,375
casent0281533_p_1.jpg,345,116,704,253
casent0281543_p_1.jpg,316,103,633,299
casent0281587_p_1.jpg,299,181,612,310
casent0281603_p_1.jpg,367,129,701,271
casent0281605_p_1.jpg,430,144,810,255
casent0281624_p_1.jpg,573,341,838,479
casent0281662_p_1.jpg,366,166,665,356
casent0281700_p_1.jpg,454,204,759,376
casent0281752_p_1.jpg,432,186,688,350
casent0281775_p_1.jpg,327,141,768,316
casent0281811_p_1.jpg,292,156,637,297
casent0281818_p_1.jpg,305,105,660,290
casent0281828_p_1.jpg,314,105,681,317
casent0281843_p_1.jpg,291,140,681,263
casent0281876_p_1.jpg,491,206,822,293
casent0281882_p_1.jpg,523,155,882,273
casent0281883_p_1.jpg,213,224,646,302
casent0281900_p_1.jpg,163,140,517,273
casent0281907_p_1.jpg,298,134,657,269
casent0281910_p_1.jpg,596,197,1144,414
casent0281926_p_1.jpg,423,143,824,277
casent0281935_p_1.jpg,371,134,775,291
casent0281954_p_1.jpg,416,147,768,289
casent0281955_p_1.jpg,234,144,597,245
casent0281997_p_1.jpg,423,110,806,222
casent0282018_p_1.jpg,348,124,683,283
casent0282333_p_1.jpg,342,120,640,341
casent0282348_p_1.jpg,252,181,512,312
casent0282686_p_1.jpg,417,106,721,251
casent0282717_p_1.jpg,376,106,712,231
casent0283524_p_1.jpg,454,150,772,305
casent0283556_p_1.jpg,378,120,647,275
casent0283844_p_1.jpg,424,108,758,299
casent0283916_p_1.jpg,278,81,538,245
casent0288512_p_1.jpg,331,263,744,318
casent0303345_p_1.jpg,567,194,973,430
casent0316931_p_1.jpg,316,140,583,291
casent0316937_p_1.jpg,459,102,815,312
casent0317642_p_1.jpg,259,120,591,222
casent0318500_p_1.jpg,343,131,660,319
casent0319220_p_1.jpg,314,212,579,367
casent0344939_p_1.jpg,408,134,760,271
casent0344940_p_1.jpg,375,152,732,255
casent0352404_p_1.jpg,348,160,864,294
casent0354305_p_1.jpg,460,176,938,360
casent0355032_p_1.jpg,431,242,996,390
casent0356061_p_1.jpg,534,205,909,334
casent0357820_p_1.jpg,450,195,991,407
casent0358888_p_1.jpg,230,173,517,308
casent0362244_p_1.jpg,306,137,668,248
casent0368358_p_1.jpg,386,194,802,400
casent0371906_p_1.jpg,566,127,905,308
casent0373211_p_1.jpg,345,221,658,343
casent0373326_p_1.jpg,255,106,628,255
casent0373370_p_1.jpg,438,173,789,255
casent0373391_p_1.jpg,287,88,728,253
casent0381232_p_1.jpg,351,258,889,452
casent0381296_p_1.jpg,392,210,883,430
casent0386062_p_1.jpg,318,240,818,311
casent0401743_p_1.jpg,260,72,609,177
casent0403380_p_1.jpg,374,226,666,412
casent0404916_p_1.jpg,348,111,625,221
casent0405514_p_1.jpg,443,170,755,345
casent0408976_p_1.jpg,253,118,612,221
casent0409323_p_1.jpg,237,141,583,288
casent0409949_p_1.jpg,226,153,620,264
casent0410152_p_1.jpg,176,103,544,227
casent0410535_p_1.jpg,242,140,605,188
casent0410777_p_1.jpg,252,180,612,261
casent0411013_p_1.jpg,224,203,513,317
casent0411278_p_1.jpg,136,142,545,237
casent0412773_p_1.jpg,342,160,755,247
casent0415267_p_1.jpg,209,109,548,308
casent0415400_p_1.jpg,599,274,954,484
casent0417118_p_1.jpg,402,142,794,248
casent0417147_p_1.jpg,282,186,651,225
casent0417324_p_1.jpg,338,238,831,328
casent0417506_p_1.jpg,196,164,572,236
casent0417897_p_1.jpg,362,107,688,251
casent0418182_p_1.jpg,194,114,586,214
casent0418267_p_1.jpg,297,133,669,271
casent0418313_p_1.jpg,248,105,565,232
casent0420028_p_1.jpg,474,242,865,428
casent0423533_p_1.jpg,361,123,740,338
casent0423991_p_1.jpg,250,120,489,223
casent0424014_p_1.jpg,493,264,951,542
casent0426010_p_1.jpg,547,244,1012,354
casent0427684_p_1.jpg,332,151,618,273
casent0427742_p_1.jpg,634,224,1086,369
casent0427762_p_1.jpg,551,301,1047,433
casent0427879_p_1.jpg,255,159,583,273
casent0429959_p_1.jpg,568,118,864,282
casent0430850_p_1.jpg,496,229,960,420
casent0434875_p_1.jpg,326,163,694,303
casent0435066_p_1.jpg,502,114,865,288
casent0437232_p_1.jpg,228,120,549,251
casent0439766_p_1.jpg,224,193,579,345
casent0441526_p_1.jpg,243,280,540,400
casent0443123_p_1.jpg,272,358,519,450
casent0443274_p_1.jpg,212,107,536,236
casent0456886_p_1.jpg,251,155,511,227
casent0458196_p_1.jpg,383,205,687,325
casent0461296_p_1.jpg,312,173,574,280
casent0464274_p_1.jpg,378,151,562,293
casent0468659_p_1.jpg,224,221,543,323
casent0470383_p_1.jpg,371,177,678,245
casent0470793_p_1.jpg,222,201,597,273
casent0480279_p_1.jpg,332,133,544,295
casent0481022_p_1.jpg,243,165,620,255
casent0481234_p_1.jpg,319,109,568,260
casent0481798_p_1.jpg,208,153,542,280
casent0485890_p_1.jpg,566,250,1012,430
casent0487153_p_1.jpg,394,142,639,284
casent0487184_p_1.jpg,281,159,578,280
casent0487553_p_1.jpg,184,153,536,212
casent0489808_p_1.jpg,182,246,573,335
casent0489918_p_1.jpg,299,116,634,256
casent0491719_p_1.jpg,274,177,617,316
casent0495193_p_1.jpg,333,189,524,308
casent0495513_p_1.jpg,174,122,610,241
casent0496984_p_1.jpg,168,164,488,210
casent0498065_p_1.jpg,267,92,547,227
casent0499258_p_1.jpg,226,61,504,179
casent0600101_p_1.jpg,246,166,618,273
casent0601738_p_1.jpg,214,200,473,233
casent0604578_p_1.jpg,243,194,601,304
casent0604596_p_1.jpg,212,149,538,280
casent0604730_p_1.jpg,230,124,567,264
casent0604945_p_1.jpg,186,105,575,264
casent0604952_p_1.jpg,181,190,544,315
casent0604997_p_1.jpg,190,159,570,269
casent0605448_p_1.jpg,269,142,601,256
casent0605516_p_1.jpg,284,168,586,267
casent0605647_p_1.jpg,288,192,627,308
casent0605749_p_1.jpg,257,232,559,312
casent0606223_p_1.jpg,347,138,651,278
casent0606832_p_1.jpg,255,157,620,269
casent0606870_p_1.jpg,242,159,594,271
casent0608880_p_1.jpg,354,124,695,264
casent0608948_p_1.jpg,330,133,575,280
casent0609089_p_1.jpg,396,129,652,213
casent0609675_p_1.jpg,264,96,656,273
casent0609969_p_1.jpg,324,229,632,343
casent0610060_p_1.jpg,397,165,734,321
casent0610082_p_1.jpg,458,185,865,319
casent0610100_p_1.jpg,392,138,737,202
casent0610639_p_1.jpg,378,161,664,310
casent0611057_p_1.jpg,676,270,1032,453
casent0611123_p_1.jpg,314,216,631,358
casent0611501_p_1.jpg,468,151,794,369
casent0611573_p_1.jpg,492,159,733,326
casent0611611_p_1.jpg,407,221,667,330
casent0611946_p_1.jpg,201,133,546,271
casent0612735_p_1.jpg,434,305,983,544
casent0613330_p_1.jpg,504,324,903,548
casent0614166_p_1.jpg,260,216,586,282
casent0614374_p_1.jpg,255,184,587,293
casent0614913_p_1.jpg,281,90,567,234
casent0615057_p_1.jpg,439,124,741,295
casent0617001_p_1.jpg,334,261,805,361
casent0617101_p_1.jpg,528,186,959,343
casent0617780_p_1.jpg,576,212,1012,389
casent0617791_p_1.jpg,374,256,630,365
casent0618218_p_1.jpg,399,179,645,312
casent0618835_p_1.jpg,327,297,821,487
casent0619091_p_1.jpg,309,133,541,227
casent0619238_p_1.jpg,225,129,465,278
casent0619244_p_1.jpg,228,92,569,234
casent0619259_p_1.jpg,344,90,674,238
casent0619410_p_1.jpg,353,190,577,321
casent0619706_p_1.jpg,502,223,864,391
casent0619726_p_1.jpg,602,278,935,472
casent0619732_p_1.jpg,310,199,585,334
casent0619829_p_1.jpg,365,224,805,392
casent0623856_p_1.jpg,250,160,608,321
casent0624110_p_1.jpg,191,201,455,271
casent0624212_p_1.jpg,256,312,523,352
casent0624511_p_1.jpg,254,214,619,352
casent0434478_p_1.jpg,328,241,780,318
casent0300734_p_1.jpg,343,137,884,274
casent0005857_p_1.jpg,310,154,669,240
casent0255687_p_1.jpg,615,252,1050,415
casent0101164_p_1.jpg,337,299,610,393
antweb1008411_p_1.jpg,1039,299,540,364
casent0316993_p_1.jpg,475,218,746,345
casent0005858_p_1.jpg,298,194,730,239
casent0006291_p_1.jpg,242,203,612,264
casent0356319_p_1.jpg,464,205,889,359
casent0417919_p_1.jpg,467,226,880,332
casent0611612_p_1.jpg,478,247,734,341
casent0172106_p_1.jpg,221,301,639,309
casent0280617_p_1.jpg,426,305,816,402
casent0372282_p_1.jpg,213,206,631,308
casent0249835_p_1.jpg,213,168,475,197
casent0178716_p_1.jpg,177,224,547,287
casent0104457_p_1.jpg,361,214,638,302
casent0102229_p_1.jpg,870,231,547,404
casent0249540_p_1.jpg,274,157,552,315
casent0280391_p_1.jpg,426,174,790,287
casent0253211_p_1.jpg,641,253,976,415
casent0102816_p_1.jpg,245,125,601,282
casent0217952_p_1.jpg,497,157,797,234
casent0101524_p_1.jpg,400,278,749,339
casent0316949_p_1.jpg,223,107,478,225
casent0005914_p_1.jpg,256,133,649,181
casent0172851_p_1.jpg,322,331,730,437
casent0140594_p_1.jpg,232,130,582,260
casent0455762_p_1.jpg,284,170,641,256
casent0172818_p_1.jpg,513,517,870,508
casent0005997_p_1.jpg,263,142,637,229
casent0349067_p_1.jpg,382,277,936,424
casent0125348_p_1.jpg,251,278,614,334
casent0608864_p_1.jpg,312,164,675,254
casent0226157_p_1.jpg,451,214,963,438
casent0106976_p_1.jpg,274,145,674,259
casent0010856_p_1.jpg,410,169,737,226
casent0101823_p_1.jpg,415,326,873,497
casent0102290_p_1.jpg,487,250,810,309
casent0281082_p_1.jpg,217,184,678,295
casent0121639_p_1.jpg,206,129,541,212
casent0428261_p_1.jpg,360,178,723,219
casent0280731_p_1.jpg,347,119,724,270
casent0173904_p_1.jpg,311,349,674,390
casent0249946_p_1.jpg,354,208,590,291
casent0102969_p_1.jpg,354,203,783,274
casent0280885_p_1.jpg,283,194,649,251
casent0288512_p_1.jpg,341,282,767,327
casent0101023_p_1.jpg,274,313,745,440
casent0009218_p_1.jpg,264,142,622,192
casent0274176_p_1.jpg,241,159,617,201
casent0373211_p_1.jpg,337,249,649,328
casent0217784_p_1.jpg,357,301,844,437
casent0010781_p_1.jpg,463,187,865,254
casent0246570_p_1.jpg,221,203,678,275
casent0101530_p_1.jpg,325,211,730,333
casent0217424_p_1.jpg,292,151,576,286
casent0173883_p_1.jpg,255,229,675,284
casent0415267_p_1.jpg,215,144,572,293
casent0247496_p_1.jpg,327,149,642,221
casent0219880_p_1.jpg,226,170,541,267
casent0249712_p_1.jpg,316,163,687,229
casent0005475_p_1.jpg,458,179,811,257
casent0104560_p_1.jpg,200,159,592,280
casent0481867_p_1.jpg,280,223,591,229
casent0281129_p_1.jpg,281,253,633,343
anic32039031_p_1.jpg,410,264,886,455
casent0429955_p_1.jpg,202,98,508,203
casent0249496_p_1.jpg,405,123,695,206
antweb1041248_p_1.jpg,325,314,872,364
casent0178130_p_1.jpg,370,235,653,263
casent0125362_p_1.jpg,269,236,632,334
casent0281540_p_1.jpg,369,190,780,265
casent0249624_p_1.jpg,255,271,605,337
casent0270543_p_1.jpg,271,108,661,220
casent0101035_p_1.jpg,455,269,873,355
casent0178623_p_1.jpg,340,252,705,263
casent0623852_p_1.jpg,349,235,698,329
casent0249184_p_1.jpg,264,144,577,212
casent0235624_p_1.jpg,447,162,695,249
casent0034604_p_1.jpg,244,135,565,264
casent0280837_p_1.jpg,245,170,664,252
casent0103056_p_1.jpg,303,133,609,184
casent0133952_p_1.jpg,298,216,674,474
casent0350784_p_1.jpg,514,274,782,395
antweb1008009_p_1.jpg,259,146,537,280
casent0103187_p_1.jpg,341,156,733,243
casent0260167_p_1.jpg,332,186,569,271
casent0603542_p_1.jpg,433,217,761,247
casent0280398_p_1.jpg,212,96,507,199
casent0100754_p_1.jpg,314,186,604,258
casent0249351_p_1.jpg,237,155,538,260
casent0101064_p_1.jpg,215,198,652,267
casent0104588_p_1.jpg,546,314,1002,398
casent0264414_p_1.jpg,348,198,672,247
antweb1008666_p_1.jpg,274,241,624,187
anic32-900175-2_p_1.jpg,254,258,626,318
casent0249734_p_1.jpg,236,107,546,203
casent0281043_p_1.jpg,240,157,616,236
casent0235638_p_1.jpg,475,164,717,246
casent0178034_p_1.jpg,313,208,651,221
casent0104584_p_1.jpg,323,189,625,218
casent0106256_p_1.jpg,308,256,640,282
casent0415388_p_1.jpg,192,214,570,315
casent0617692_p_1.jpg,346,251,608,334
casent0453723_p_1.jpg,294,199,648,254
casent0181838_p_1.jpg,254,186,565,238
casent0199333_p_1.jpg,315,192,645,312
casent0280717_p_1.jpg,247,90,562,190
casent0178621_p_1.jpg,278,203,620,297
casent0270004_p_1.jpg,297,162,635,218
casent0235711_p_1.jpg,294,202,572,265
casent0000550_p_1.jpg,556,184,866,242
casent0105594_p_1.jpg,470,446,967,539
casent0605744_p_1.jpg,273,247,574,291
casent0235937_p_1.jpg,536,250,847,294
casent0132658_p_1.jpg,228,151,477,216
casent0101297_p_1.jpg,240,203,568,271
casent0102550_p_1.jpg,289,183,635,258
casent0005634_p_1.jpg,544,221,885,390
casent0260491_p_1.jpg,358,168,675,273
casent0235964_p_1.jpg,253,191,561,245
casent0127733_p_1.jpg,186,177,605,286
casent0475908_p_1.jpg,351,266,637,282
casent0152490_p_1.jpg,240,153,570,236
casent0257073_p_1.jpg,389,163,723,237
casent0102884_p_1.jpg,347,228,695,374
casent0217377_p_1.jpg,265,100,540,173
casent0249170_p_1.jpg,169,157,530,194
casent0498265_p_1.jpg,257,169,637,232
casent0007114_p_1.jpg,294,199,626,236
casent0280184_p_1.jpg,284,181,575,243
casent0102040_p_1.jpg,267,354,636,453
casent0006827_p_1.jpg,288,252,642,280
casent0103433_p_1.jpg,302,332,588,343
casent0104445_p_1.jpg,317,152,680,289
casent0270009_p_1.jpg,389,120,680,184
casent0102650_p_1.jpg,546,195,857,319
antweb1008232_p_1.jpg,276,142,657,343
casent0173797_p_1.jpg,240,188,614,256
casent0046405_p_1.jpg,293,275,595,306
casent0235040_p_1.jpg,283,168,524,243
casent0249951_p_1.jpg,308,105,533,218
antweb1008035_p_1.jpg,309,211,743,279
casent0280953_p_1.jpg,548,221,1048,341
casent0172331_p_1.jpg,366,142,657,225
casent0101125_p_1.jpg,276,190,624,276
casent0494942_p_1.jpg,633,370,1002,522
casent0060837_p_1.jpg,368,168,622,238
casent0235972_p_1.jpg,422,162,688,256
casent0280059_p_1.jpg,224,153,502,238
casent0280343_p_1.jpg,254,208,521,273
antweb1041392_p_1.jpg,104,286,578,127
casent0102957_p_1.jpg,353,329,807,309
casent0003312_p_1.jpg,244,138,596,199
casent0217405_p_1.jpg,175,197,461,282
casent0605172_p_1.jpg,181,153,522,221
casent0005612_p_1.jpg,659,162,998,358
casent0281688_p_1.jpg,405,170,772,278
casent0102627_p_1.jpg,379,162,731,267
antweb1048554_p_1.jpg,405,188,818,294
casent0102555_p_1.jpg,330,157,651,260
antweb1041124_p_1.jpg,306,134,663,292
casent0005818_p_1.jpg,269,171,706,282
casent0162497_p_1.jpg,352,199,818,279
casent0172602_p_1.jpg,486,242,832,389
casent0080776_p_1.jpg,226,192,606,291
casent0281218_p_1.jpg,190,238,573,317
casent0344994_p_1.jpg,387,166,753,243
casent0005715_p_1.jpg,248,124,500,151
casent0281007_p_1.jpg,440,127,689,229
anic32-066609-2_p_1.jpg,388,174,868,323
casent0172029_p_1.jpg,342,397,655,468
casent0173468_p_1.jpg,199,212,549,299
casent0235585_p_1.jpg,462,243,764,338
casent0103121_p_1.jpg,214,186,656,308
casent0179934_p_1.jpg,456,227,778,307
casent0173104_p_1.jpg,370,249,673,321
casent0281051_p_1.jpg,166,147,631,259
casent0281026_p_1.jpg,334,156,655,223
casent0161311_p_1.jpg,427,131,837,217
casent0003131_p_1.jpg,349,223,784,241
casent0179468_p_1.jpg,288,234,662,317
casent0104137_p_1.jpg,378,229,769,219
casent0067121_p_1.jpg,260,100,651,186
casent0235531_p_1.jpg,413,157,746,241
casent0358443_p_1.jpg,466,206,965,408
casent0005515_p_1.jpg,350,164,703,302
casent0316928_p_1.jpg,306,140,588,247
casent0104447_p_1.jpg,360,185,624,290
casent0106227_p_1.jpg,260,229,636,308
casent0104609_p_1.jpg,333,303,696,285
anic32-015689-2_p_1.jpg,405,298,851,318
casent0613803_p_1.jpg,366,241,716,347
casent0218489_p_1.jpg,284,177,670,214
casent0152702_p_1.jpg,374,177,602,291
casent0104621_p_1.jpg,114,269,560,361
casent0179449_p_1.jpg,231,138,539,194
casent0281976_p_1.jpg,222,135,488,212
casent0611594_p_1.jpg,299,211,698,323
casent0275747_p_1.jpg,430,161,821,265
casent0005431_p_1.jpg,588,174,922,198
anic32-900055-2_p_1.jpg,320,245,628,293
casent0281182_p_1.jpg,327,216,651,334
casent0619444_p_1.jpg,528,284,993,362
casent0614485_p_1.jpg,355,232,742,315
casent0178350_p_1.jpg,327,191,723,177
casent0260482_p_1.jpg,222,174,598,210
casent0005627_p_1.jpg,497,202,813,342
casent0104646_p_1.jpg,257,316,594,421
casent0280366_p_1.jpg,311,138,645,247
casent0181877_p_1.jpg,259,222,590,282
casent0490851_p_1.jpg,599,285,1025,469
casent0252307_p_1.jpg,294,280,620,342
casent0281149_p_1.jpg,323,272,596,413
casent0142596_p_1.jpg,231,177,573,220
casent0102214_p_1.jpg,238,162,568,199
casent0148996_p_1.jpg,227,192,500,249
casent0171108_p_1.jpg,377,203,634,323
casent0249682_p_1.jpg,339,169,729,196
casent0246117_p_1.jpg,388,190,653,247
casent0173013_p_1.jpg,284,153,715,264
casent0235451_p_1.jpg,359,159,593,226
anic32-900191_p_1.jpg,305,247,697,258
casent0005091_p_1.jpg,453,228,941,399
casent0173784_p_1.jpg,198,185,593,226
casent0249725_p_1.jpg,191,212,433,260
casent0280229_p_1.jpg,247,184,492,293
casent0487770_p_1.jpg,267,166,619,197
casent0171000_p_1.jpg,198,137,539,257
casent0406688_p_1.jpg,390,186,591,302
casent0173854_p_1.jpg,234,181,662,256
casent0256232_p_1.jpg,328,294,844,390
casent0257317_p_1.jpg,319,221,623,312
casent0217241_p_1.jpg,347,159,658,227
casent0350553_p_1.jpg,327,190,646,247
casent0102438_p_1.jpg,328,277,644,328
casent0260460_p_1.jpg,214,201,616,241
casent0250838_p_1.jpg,526,276,922,383
casent0101900_p_1.jpg,363,310,688,289
casent0118451_p_1.jpg,237,153,575,295
casent0235447_p_1.jpg,353,160,627,199
casent0217702_p_1.jpg,337,236,885,399
casent0005519_p_1.jpg,709,171,1021,260
casent0103375_p_1.jpg,293,155,673,273
casent0437238_p_1.jpg,374,251,660,330
casent0280004_p_1.jpg,233,203,594,350
casent0609506_p_1.jpg,308,208,676,332
casent0249241_p_1.jpg,396,206,718,266
casent0404158_p_1.jpg,235,218,677,273
casent0010930_p_1.jpg,317,282,636,315
casent0006287_p_1.jpg,309,205,633,298
casent0374613_p_1.jpg,336,164,668,293
casent0280881_p_1.jpg,285,162,635,247
casent0619257_p_1.jpg,268,177,554,299
casent0125659_p_1.jpg,324,166,540,238
antweb1041607_p_1.jpg,260,223,618,326
casent0612754_p_1.jpg,278,190,595,273
antweb1032323_p_1.jpg,618,279,1258,458
casent0249492_p_1.jpg,240,149,550,197
casent0281405_p_1.jpg,249,107,571,223
casent0281792_p_1.jpg,459,256,768,377
casent0281497_p_1.jpg,376,176,784,282
casent0104452_p_1.jpg,278,142,656,286
casent0247312_p_1.jpg,327,173,651,247
casent0371906_p_1.jpg,542,139,896,300
casent0220752_p_1.jpg,170,177,492,212
casent0425236_p_1.jpg,491,241,836,366
casent0235418_p_1.jpg,405,152,677,251
casent0217569_p_1.jpg,211,157,572,203
anic32-900209-1_p_1.jpg,309,260,683,323
casent0106076_p_1.jpg,242,200,569,215
casent0235153_p_1.jpg,514,207,838,277
casent0101659_p_1.jpg,238,287,589,378
casent0178084_p_1.jpg,288,212,654,243
casent0005914_p_1.jpg,265,138,641,186
casent0270579_p_1.jpg,405,188,716,200
casent0188199_p_1.jpg,255,149,605,264
casent0005471_p_1.jpg,442,144,687,210
casent0283890_p_1.jpg,410,155,726,236
casent0427555_p_1.jpg,339,188,549,291
casent0175482_p_1.jpg,470,204,836,233
casent0101146_p_1.jpg,304,280,662,317
casent0280083_p_1.jpg,271,186,691,288
casent0106043_p_1.jpg,216,181,553,238
casent0005423_p_1.jpg,246,218,574,280
casent0172424_p_1.jpg,262,185,701,280
casent0010849_p_1.jpg,322,175,707,257
casent0373373_p_1.jpg,409,143,716,238
casent0157496_p_1.jpg,286,166,642,240
casent0270608_p_1.jpg,459,192,757,229
casent0436606_p_1.jpg,214,162,640,229
casent0253707_p_1.jpg,337,191,675,262
casent0106245_p_1.jpg,197,288,483,343
casent0123539_p_1.jpg,239,151,504,212
casent0173078_p_1.jpg,217,179,529,221
casent0217805_p_1.jpg,333,243,645,332
casent0178362_p_1.jpg,239,130,618,190
casent0253365_p_1.jpg,231,181,562,227
casent0316975_p_1.jpg,363,172,708,259
casent0235212_p_1.jpg,286,181,561,229
casent0005641_p_1.jpg,405,206,741,307
casent0005850_p_1.jpg,255,183,666,268
casent0102340_p_1.jpg,338,286,690,410
casent0270554_p_1.jpg,280,124,547,170
casent0249846_p_1.jpg,263,194,462,321
casent0250078_p_1.jpg,337,139,650,249
casent0179874_p_1.jpg,262,186,632,304
casent0415628_p_1.jpg,207,187,660,247
casent0428612_p_1.jpg,303,223,609,288
casent0106967_p_1.jpg,373,205,677,302
casent0235743_p_1.jpg,387,196,715,290
casent0172597_p_1.jpg,225,319,625,358
casent0106311_p_1.jpg,224,216,633,259
casent0611595_p_1.jpg,597,329,1033,407
casent0281683_p_1.jpg,489,242,872,324
casent0003558_p_1.jpg,325,155,640,212
casent0281823_p_1.jpg,260,243,639,360
casent0235998_p_1.jpg,366,138,646,221
casent0189170_p_1.jpg,262,168,605,238
casent0171131_p_1.jpg,375,87,611,202
casent0264371_p_1.jpg,323,142,583,227
casent0060581_p_1.jpg,445,192,732,264
casent0102320_p_1.jpg,783,329,1123,413
casent0191645_p_1.jpg,208,140,518,212
casent0101565_p_1.jpg,416,359,729,451
casent0178149_p_1.jpg,179,253,566,273
casent0178339_p_1.jpg,275,236,654,297
casent0173804_p_1.jpg,243,201,638,291
casent0235779_p_1.jpg,422,198,685,223
casent0171106_p_1.jpg,436,196,693,333
casent0281324_p_1.jpg,217,138,545,253
casent0178785_p_1.jpg,214,181,592,236
casent0010672_p_1.jpg,252,203,613,229
casent0415449_p_1.jpg,320,193,731,266
casent0264026_p_1.jpg,388,107,668,256
casent0281126_p_1.jpg,324,227,584,350
casent0499874_p_1.jpg,299,146,656,232
casent0104404_p_1.jpg,347,223,677,291
casent0105553_p_1.jpg,276,285,870,337
casent0103241_p_1.jpg,376,289,734,399
casent0173494_p_1.jpg,357,283,710,331
casent0104830_p_1.jpg,275,149,601,186
casent0102888_p_1.jpg,300,168,610,265
casent0005376_p_1.jpg,175,151,477,197
casent0256184_p_1.jpg,284,233,582,305
casent0249187_p_1.jpg,259,159,554,194
casent0104984_p_1.jpg,164,109,498,173
casent0280387_p_1.jpg,245,140,527,212
casent0249857_p_1.jpg,235,200,597,264
casent0172479_p_1.jpg,427,181,757,318
casent0257065_p_1.jpg,262,164,559,249
casent0618626_p_1.jpg,204,116,438,216
casent0280122_p_1.jpg,315,173,622,247
casent0260425_p_1.jpg,350,160,755,205
casent0221898_p_1.jpg,368,212,641,238
antweb1008169_p_1.jpg,419,207,812,370
casent0217235_p_1.jpg,385,178,677,302
casent0172226_p_1.jpg,112,186,488,236
casent0235885_p_1.jpg,313,98,640,187
antweb1038000_p_1.jpg,373,246,996,333
casent0101014_p_1.jpg,155,214,608,249
casent0172841_p_1.jpg,166,159,502,190
anic32-900003-1_p_1.jpg,333,271,671,317
casent0235964_p_1.jpg,253,206,566,249
casent0281257_p_1.jpg,283,177,576,273
casent0270022_p_1.jpg,385,173,652,247
casent0219468_p_1.jpg,235,179,616,254
casent0102153_p_1.jpg,229,352,603,345
casent0102604_p_1.jpg,283,177,648,238
casent0217103_p_1.jpg,240,109,509,205
casent0173769_p_1.jpg,319,215,671,239
casent0217301_p_1.jpg,241,138,562,238
casent0257260_p_1.jpg,323,221,597,308
casent0102996_p_1.jpg,243,144,617,179
casent0102585_p_1.jpg,405,109,689,194
casent0428046_p_1.jpg,124,191,471,274
casent0235839_p_1.jpg,397,107,703,177
casent0249126_p_1.jpg,366,152,729,210
casent0172075_p_1.jpg,164,204,514,279
casent0179967_p_1.jpg,237,144,565,210
casent0178692_p_1.jpg,317,251,699,256
casent0268692_p_1.jpg,486,309,1009,351
casent0103418_p_1.jpg,278,199,605,258
antweb1008649_p_1.jpg,336,334,598,396
casent0101570_p_1.jpg,418,367,822,488
casent0178787_p_1.jpg,129,273,463,319
casent0172278_p_1.jpg,296,223,617,289
casent0104240_p_1.jpg,233,166,619,291
casent0280755_p_1.jpg,454,126,794,260
casent0281890_p_1.jpg,198,234,623,296
casent0102416_p_1.jpg,370,267,757,435
casent0102091_p_1.jpg,321,271,717,367
casent0101305_p_1.jpg,380,355,694,466
casent0100577_p_1.jpg,332,222,657,257
casent0171155_p_1.jpg,538,143,856,225
casent0465404_p_1.jpg,267,151,608,253
casent0235470_p_1.jpg,174,146,450,232
casent0280865_p_1.jpg,799,332,1306,244
casent0122988_p_1.jpg,274,149,606,232
casent0281515_p_1.jpg,228,183,647,255
casent0217874_p_1.jpg,290,177,594,168
casent0280367_p_1.jpg,203,127,476,225
casent0005839_p_1.jpg,194,191,600,193
casent0249160_p_1.jpg,204,103,477,177
casent0610940_p_1.jpg,262,159,620,245
antweb1008617_p_1.jpg,157,157,426,177
casent0251925_p_1.jpg,425,248,867,294
casent0609513_p_1.jpg,299,199,651,249
casent0047257_p_1.jpg,303,224,728,269
casent0248749_p_1.jpg,596,380,1128,454
casent0235780_p_1.jpg,428,163,701,221
casent0101399_p_1.jpg,251,179,573,214
casent0221894_p_1.jpg,337,214,661,310
casent0219412_p_1.jpg,354,168,645,291
casent0280125_p_1.jpg,264,120,500,262
casent0280567_p_1.jpg,208,109,553,203
casent0217179_p_1.jpg,336,234,640,273
casent0066732_p_1.jpg,274,178,603,245
casent0207894_p_1.jpg,358,135,605,184
casent0103135_p_1.jpg,254,162,665,221
casent0102139_p_1.jpg,214,177,573,221
casent0175226_p_1.jpg,342,191,693,240
antweb1041191_p_1.jpg,186,216,470,267
casent0106217_p_1.jpg,205,166,535,229
casent0235814_p_1.jpg,493,210,762,261
casent0619072_p_1.jpg,303,308,945,315
casent0006263_p_1.jpg,239,181,519,264
casent0260486_p_1.jpg,197,188,552,271
casent0173714_p_1.jpg,243,166,599,188
casent0103839_p_1.jpg,162,175,628,291
casent0235634_p_1.jpg,457,146,689,208
casent0217386_p_1.jpg,243,153,485,194
casent0357989_p_1.jpg,333,221,878,418
casent0280460_p_1.jpg,302,170,508,264
casent0284344_p_1.jpg,667,254,1154,380
antweb1041138_p_1.jpg,274,165,606,216
casent0493183_p_1.jpg,224,124,541,159
anic32-900070-2_p_1.jpg,254,227,636,287
antweb1041455_p_1.jpg,364,325,867,399
casent0189241_p_1.jpg,278,168,597,221
casent0246627_p_1.jpg,334,206,731,216
casent0145371_p_1.jpg,184,138,539,201
casent0260479_p_1.jpg,146,253,588,274
casent0281083_p_1.jpg,428,140,833,221
casent0005317_p_1.jpg,424,178,925,206
antweb1041617_p_1.jpg,328,238,934,354
casent0249219_p_1.jpg,279,190,667,239
casent0199109_p_1.jpg,341,238,616,310
casent0496327_p_1.jpg,378,159,603,264
casent0281284_p_1.jpg,258,194,629,312
casent0178656_p_1.jpg,323,184,702,177
casent0104790_p_1.jpg,260,245,573,273
casent0103173_p_1.jpg,245,157,638,273
antweb1032328_p_1.jpg,326,96,674,227
casent0283553_p_1.jpg,405,168,734,367
casent0270551_p_1.jpg,237,111,539,177
casent0619981_p_1.jpg,602,347,1116,470
casent0282343_p_1.jpg,336,181,693,308
casent0104624_p_1.jpg,232,226,648,372
casent0612085_p_1.jpg,342,221,572,352
casent0260410_p_1.jpg,211,177,608,194
casent0031265_p_1.jpg,263,187,601,284
casent0252005_p_1.jpg,333,262,684,275
casent0132420_p_1.jpg,428,339,972,495
casent0100793_p_1.jpg,221,164,529,240
casent0005402_p_1.jpg,238,270,600,327
casent0125194_p_1.jpg,293,157,640,159
casent0474192_p_1.jpg,355,187,624,283
casent0179851_p_1.jpg,210,133,556,251
casent0188365_p_1.jpg,347,231,880,389
casent0178876_p_1.jpg,223,162,590,212
casent0104478_p_1.jpg,416,251,777,330
casent0005670_p_1.jpg,381,116,722,201
casent0171043_p_1.jpg,203,181,503,212
casent0012232_p_1.jpg,266,91,619,219
casent0178723_p_1.jpg,107,164,485,212
casent0217837_p_1.jpg,307,174,639,197
casent0105598_p_1.jpg,324,248,723,320
casent0219454_p_1.jpg,265,135,576,208
casent0179621_p_1.jpg,307,223,576,258
casent0344939_p_1.jpg,416,176,768,255
casent0281895_p_1.jpg,229,118,596,276
casent0106325_p_1.jpg,290,194,614,218
casent0103171_p_1.jpg,116,162,448,192
casent0280670_p_1.jpg,209,133,587,159
antweb1048550_p_1.jpg,528,217,964,224
casent0621563_p_1.jpg,216,116,584,223
casent0280341_p_1.jpg,223,151,553,229
casent0067405_p_1.jpg,216,121,610,190
casent0134851_p_1.jpg,311,173,606,260
casent0125674_p_1.jpg,281,173,680,290
casent0249081_p_1.jpg,536,303,861,385
casent0105608_p_1.jpg,279,272,688,370
casent0102291_p_1.jpg,825,173,567,358
casent0281444_p_1.jpg,281,133,611,280
casent0178152_p_1.jpg,291,216,656,262
casent0280119_p_1.jpg,266,140,603,278
casent0199196_p_1.jpg,301,140,663,297
casent0246566_p_1.jpg,368,266,742,305
casent0217027_p_1.jpg,169,114,508,208
casent0249662_p_1.jpg,231,118,526,203
casent0172652_p_1.jpg,282,111,666,203
casent0252290_p_1.jpg,453,175,745,290
casent0487153_p_1.jpg,375,146,624,282
casent0132660_p_1.jpg,190,175,584,291
casent0102119_p_1.jpg,320,246,731,317
casent0281898_p_1.jpg,276,124,682,184
casent0227884_p_1.jpg,509,195,1012,359
casent0101190_p_1.jpg,333,238,675,312
casent0006833_p_1.jpg,262,186,570,238
casent0178150_p_1.jpg,446,239,755,270
casent0251733_p_1.jpg,404,238,636,310
casent0246026_p_1.jpg,388,199,710,254
casent0226984-d01_p_1.jpg,248,147,706,225
casent0217306_p_1.jpg,172,151,508,247
casent0217061_p_1.jpg,490,194,817,264
casent0178642_p_1.jpg,385,166,664,291
casent0102530_p_1.jpg,356,179,627,223
casent0246116_p_1.jpg,243,238,556,260
casent0280278_p_1.jpg,246,168,502,284
casent0102246_p_1.jpg,212,238,546,317
casent0102247_p_1.jpg,226,194,733,284
casent0217229_p_1.jpg,231,159,561,251
casent0246660_p_1.jpg,179,229,684,222
casent0102400_p_1.jpg,365,158,724,188
casent0614520_p_1.jpg,356,175,609,258
casent0103315_p_1.jpg,335,171,645,279
casent0217940_p_1.jpg,505,310,896,384
casent0235010_p_1.jpg,394,164,628,304
antweb1008026_p_1.jpg,381,125,820,271
casent0102655_p_1.jpg,374,122,700,236
casent0217868_p_1.jpg,269,118,592,282
casent0104139_p_1.jpg,229,159,619,308
casent0264289_p_1.jpg,173,140,428,225
casent0249995_p_1.jpg,288,159,624,247
casent0281120_p_1.jpg,467,201,753,360
casent0005788_p_1.jpg,146,204,513,216
casent0178276_p_1.jpg,232,302,592,350
casent0208811_p_1.jpg,377,243,913,422
casent0463103_p_1.jpg,299,188,524,262
casent0257346_p_1.jpg,379,186,740,270
casent0227574_p_1.jpg,239,181,593,267
casent0105753_p_1.jpg,295,144,654,302
casent0102370_p_1.jpg,500,156,818,227
casent0264162_p_1.jpg,302,151,643,205
casent0255279_p_1.jpg,314,156,653,228
casent0280144_p_1.jpg,252,116,636,288
casent0481184_p_1.jpg,457,273,711,343
casent0465315_p_1.jpg,255,124,600,243
casent0104524_p_1.jpg,379,242,749,276
casent0193195_p_1.jpg,285,212,547,273
casent0009969_p_1.jpg,360,184,783,277
casent0104605_p_1.jpg,362,295,772,346
casent0103413_p_1.jpg,212,229,621,295
casent0280287_p_1.jpg,288,170,673,281
casent0219520_p_1.jpg,446,206,734,312
casent0173935_p_1.jpg,251,369,525,409
casent0104784_p_1.jpg,349,201,724,263
casent0249029_p_1.jpg,315,187,608,244
casent0249145_p_1.jpg,169,159,532,188
antweb1041241_p_1.jpg,1188,376,689,461
casent0172846_p_1.jpg,343,359,697,351
casent0450390_p_1.jpg,246,159,454,247
casent0280418_p_1.jpg,331,87,595,194
casent0191657_p_1.jpg,170,177,494,308
casent0217285_p_1.jpg,255,203,592,271
casent0102620_p_1.jpg,392,96,772,329
casent0101613_p_1.jpg,308,361,647,405
casent0063309_p_1.jpg,339,212,721,299
casent0235756_p_1.jpg,422,178,695,247
casent0250184_p_1.jpg,151,199,533,194
casent0496886_p_1.jpg,207,198,609,229
casent0235455_p_1.jpg,410,194,644,255
casent0217087_p_1.jpg,243,177,632,321
antweb1041449_p_1.jpg,1264,381,964,494
casent0250125_p_1.jpg,349,201,642,269
14l358c-3_p_1.jpg,414,159,683,284
casent0246079_p_1.jpg,299,224,619,270
casent0106238_p_1.jpg,450,282,715,332
casent0061166_p_1.jpg,167,165,529,236
casent0283863_p_1.jpg,395,135,772,242
casent0103679_p_1.jpg,318,270,749,358
casent0235473_p_1.jpg,404,170,677,281
casent0172123_p_1.jpg,184,256,527,299
casent0280810_p_1.jpg,569,313,931,334
casent0106178_p_1.jpg,227,203,671,262
casent0052744_p_1.jpg,255,232,672,245
casent0003324_p_1.jpg,388,214,747,269
casent0249671_p_1.jpg,230,155,505,264
casent0235735_p_1.jpg,369,152,655,273
casent0106130_p_1.jpg,212,164,577,238
casent0064828_p_1.jpg,345,153,671,258
casent0105861_p_1.jpg,280,131,671,247
casent0172612_p_1.jpg,304,267,643,367
antweb1041257_p_1.jpg,431,170,925,412
casent0235903_p_1.jpg,307,107,659,238
casent0101989_p_1.jpg,425,120,797,199
casent0005444_p_1.jpg,206,166,575,356
casent0173998_p_1.jpg,211,208,603,262
casent0178655_p_1.jpg,269,179,638,225
casent0249837_p_1.jpg,434,157,797,231
casent0470793_p_1.jpg,220,218,641,273
casent0249224_p_1.jpg,187,185,598,242
casent0249177_p_1.jpg,214,153,555,218
casent0282638_p_1.jpg,382,130,773,305
casent0173743_p_1.jpg,339,212,658,282
casent0008637_p_1.jpg,354,157,656,232
casent0250832_p_1.jpg,266,184,553,249
casent0004981_p_1.jpg,237,186,629,308
antweb1041656_p_1.jpg,341,228,973,463
antweb1041653_p_1.jpg,499,162,983,327
antweb1008045_p_1.jpg,290,181,822,270
casent0624050_p_1.jpg,397,229,763,391
casent0173404_p_1.jpg,219,199,636,286
casent0106084_p_1.jpg,245,203,651,378
casent0217143_p_1.jpg,282,118,610,221
casent0281974_p_1.jpg,165,175,477,278
casent0217429_p_1.jpg,307,151,556,253
casent0178876_p_1.jpg,217,155,593,221
casent0006828_p_1.jpg,343,252,722,337
casent0251699_p_1.jpg,513,263,945,471
casent0183620_p_1.jpg,455,166,724,317
casent0173437_p_1.jpg,332,153,701,247
casent0249624_p_1.jpg,246,253,600,334
casent0221924_p_1.jpg,104,208,553,290
casent0101862_p_1.jpg,493,210,906,300
casent0250660_p_1.jpg,515,219,944,303
casent0003193_p_1.jpg,316,181,666,261
casent0171073_p_1.jpg,254,57,429,170
casent0281048_p_1.jpg,288,102,649,253
casent0438096_p_1.jpg,312,306,641,450
antweb1032396_p_1.jpg,433,113,781,257
casent0102257_p_1.jpg,312,149,618,293
casent0280994_p_1.jpg,230,131,604,275
casent0178034_p_1.jpg,310,194,658,264
casent0280397_p_1.jpg,255,149,569,278
casent0173509_p_1.jpg,385,127,706,181
casent0280913_p_1.jpg,425,142,747,264
casent0281911_p_1.jpg,329,171,693,257
casent0040552_p_1.jpg,337,109,551,214
casent0205745_p_1.jpg,629,276,1085,532
casent0102278_p_1.jpg,157,300,629,374
casent0235154_p_1.jpg,272,171,635,265
casent0489647_p_1.jpg,254,233,610,261
casent0172024_p_1.jpg,212,255,595,310
casent0005939_p_1.jpg,271,180,667,247
casent0059150_p_1.jpg,367,103,735,271
casent0281900_p_1.jpg,135,168,513,258
casent0178676_p_1.jpg,214,260,570,288
casent0103800_p_1.jpg,328,354,575,404
casent0603544_p_1.jpg,243,260,551,341
casent0171124_p_1.jpg,426,99,798,210
casent0102504_p_1.jpg,424,199,827,246
casent0178750_p_1.jpg,299,186,636,216
casent0613793_p_1.jpg,332,175,597,291
casent0281611_p_1.jpg,291,173,641,284
casent0248762_p_1.jpg,213,194,539,258
casent0011801_p_1.jpg,217,249,566,378
casent0103670_p_1.jpg,200,203,623,295
casent0172858_p_1.jpg,295,223,586,288
casent0178300_p_1.jpg,375,190,768,279
casent0281556_p_1.jpg,392,222,808,310
casent0417157_p_1.jpg,208,201,571,282
casent0258510_p_1.jpg,487,229,723,262
casent0106030_p_1.jpg,267,173,566,227
casent0178337_p_1.jpg,297,116,603,192
casent0171097_p_1.jpg,498,156,776,256
casent0178630_p_1.jpg,530,164,819,273
casent0126583_p_1.jpg,216,146,601,243
casent0122911_p_1.jpg,564,293,896,474
casent0171076_p_1.jpg,482,71,756,163
casent0281716_p_1.jpg,470,185,770,323
casent0010677_p_1.jpg,149,199,570,234
casent0255988_p_1.jpg,403,198,765,345
casent0172097_p_1.jpg,171,268,539,354
casent0005511_p_1.jpg,374,194,735,299
antweb1008992_p_1.jpg,304,151,566,159
casent0005561_p_1.jpg,490,132,843,285
casent0280548_p_1.jpg,301,165,683,277
casent0009705_p_1.jpg,425,251,922,300
casent0101461_p_1.jpg,328,278,683,389
casent0280006_p_1.jpg,183,122,493,223
casent0118158_p_1.jpg,232,151,621,275
casent0103052_p_1.jpg,247,103,595,188
casent0179480_p_1.jpg,203,159,552,260
casent0005811_p_1.jpg,348,172,691,319
casent0005612_p_1.jpg,630,162,1001,370
casent0173350_p_1.jpg,244,265,600,331
casent0010977_p_1.jpg,264,249,599,315
casent0280584_p_1.jpg,264,171,598,289
casent0260466_p_1.jpg,285,187,628,312
antweb1008704_p_1.jpg,231,256,605,282
casent0280693_p_1.jpg,222,213,578,311
casent0184678_p_1.jpg,451,67,719,292
casent0102135_p_1.jpg,424,170,812,214
casent0101655_p_1.jpg,357,305,781,393
casent0172386_p_1.jpg,124,194,562,277
casent0257299_p_1.jpg,379,166,726,330
casent0172480_p_1.jpg,241,202,623,274
casent0235149_p_1.jpg,296,159,572,278
casent0281262_p_1.jpg,193,116,532,260
casent0104629_p_1.jpg,223,361,625,441
casent0102207_p_1.jpg,136,175,496,218
casent0283154_p_1.jpg,365,122,735,274
casent0173791_p_1.jpg,297,175,712,229
casent0235474_p_1.jpg,463,174,747,300
casent0255565_p_1.jpg,560,183,909,364
casent0179985_p_1.jpg,234,146,524,238
casent0282412_p_1.jpg,399,110,669,257
casent0423096_p_1.jpg,256,142,525,218
casent0235939_p_1.jpg,294,140,554,238
casent0102667_p_1.jpg,413,165,733,305
casent0623849_p_1.jpg,302,194,558,304
casent0021954_p_1.jpg,312,133,607,221
casent0012033_p_1.jpg,167,155,467,225
casent0280164_p_1.jpg,177,72,397,164
casent0350784_p_1.jpg,504,250,806,417
casent0049344_p_1.jpg,290,116,611,203
casent0173646_p_1.jpg,251,314,626,395
casent0101258_p_1.jpg,327,184,733,316
casent0235624_p_1.jpg,450,155,702,249
casent0235803_p_1.jpg,338,170,659,238
casent0358127_p_1.jpg,431,222,931,351
casent0217402_p_1.jpg,147,105,453,218
casent0178466_p_1.jpg,321,135,596,267
casent0217884_p_1.jpg,192,155,481,221
casent0022237_p_1.jpg,322,246,702,317
casent0146955_p_1.jpg,467,221,880,441
casent0104112_p_1.jpg,451,153,744,273
casent0179058_p_1.jpg,265,185,648,311
casent0249441_p_1.jpg,403,141,705,245
casent0280095_p_1.jpg,318,114,565,256
casent0101591_p_1.jpg,240,382,585,442
casent0609378_p_1.jpg,353,240,633,365
antweb1041674_p_1.jpg,376,182,960,353
casent0005421_p_1.jpg,210,109,665,242
casent0283111_p_1.jpg,371,124,732,282
casent0100292_p_1.jpg,250,180,587,306
casent0178406_p_1.jpg,155,159,535,251
casent0217007_p_1.jpg,369,151,605,223
casent0249490_p_1.jpg,280,203,569,238
casent0121780_p_1.jpg,329,159,544,229
casent0235151_p_1.jpg,319,164,607,229
casent0104680_p_1.jpg,328,314,640,385
casent0235343_p_1.jpg,422,170,713,352
casent0005724_p_1.jpg,290,193,684,159
casent0356145_p_1.jpg,438,193,889,271
casent0316936_p_1.jpg,208,184,460,260
casent0372252_p_1.jpg,509,408,964,457
casent0005993_p_1.jpg,256,174,685,227
casent0257359_p_1.jpg,405,192,712,298
casent0173886_p_1.jpg,269,181,562,243
casent0605452_p_1.jpg,261,173,621,256
casent0463218_p_1.jpg,308,133,592,210
casent0280632_p_1.jpg,214,133,612,273
casent0010946_p_1.jpg,363,191,700,228
casent0495955_p_1.jpg,226,103,484,133
casent0281632_p_1.jpg,508,218,856,346
casent0217977_p_1.jpg,320,146,650,243
casent0616292_p_1.jpg,257,116,579,234
casent0258474_p_1.jpg,403,172,723,252
casent0257008_p_1.jpg,290,138,647,258
antweb1038003_p_1.jpg,201,87,550,145
antweb1008277_p_1.jpg,499,367,929,367
casent0623944_p_1.jpg,248,260,516,321
casent0283069_p_1.jpg,368,94,701,245
casent0280370_p_1.jpg,259,151,626,280
casent0012852_p_1.jpg,152,189,515,238
casent0280627_p_1.jpg,323,163,724,305
casent0173528_p_1.jpg,223,146,680,212
anic32-900071_p_1.jpg,365,239,767,288
casent0040137_p_1.jpg,190,164,601,186
casent0103135_p_1.jpg,247,133,669,223
casent0104925_p_1.jpg,216,168,584,343
casent0059114_p_1.jpg,371,146,687,229
casent0280104_p_1.jpg,242,124,574,278
casent0005442_p_1.jpg,424,109,788,234
casent0227531_p_1.jpg,249,201,561,297
casent0129839_p_1.jpg,283,135,665,308
casent0172435_p_1.jpg,270,230,632,310
casent0104838_p_1.jpg,317,138,689,249
casent0173407_p_1.jpg,228,168,573,271
casent0050097_p_1.jpg,206,251,551,361
casent0281959_p_1.jpg,246,138,654,269
casent0005584_p_1.jpg,467,134,780,348
casent0235055_p_1.jpg,236,162,618,201
casent0103409_p_1.jpg,284,192,551,302
casent0440939_p_1.jpg,199,173,488,302
casent0259027_p_1.jpg,385,158,729,239
casent0253210_p_1.jpg,689,188,1105,339
casent0280960_p_1.jpg,452,174,860,269
antweb1041220_p_1.jpg,143,151,440,273
casent0217730_p_1.jpg,232,166,547,186
casent0179611_p_1.jpg,287,282,486,398
casent0005404_p_1.jpg,209,197,563,258
casent0126355_p_1.jpg,284,153,701,247
casent0434370_p_1.jpg,161,177,581,247
casent0252830_p_1.jpg,375,182,756,278
casent0101908_p_1.jpg,298,98,684,263
casent0611680_p_1.jpg,251,175,650,263
casent0178788_p_1.jpg,177,100,570,168
casent0040139_p_1.jpg,284,155,781,229
casent0217551_p_1.jpg,180,153,528,267
casent0280592_p_1.jpg,364,146,783,234
casent0280063_p_1.jpg,268,140,557,323
casent0106133_p_1.jpg,244,142,649,196
casent0179852_p_1.jpg,246,116,558,229
casent0256222_p_1.jpg,548,206,795,389
casent0104656_p_1.jpg,442,193,840,246
casent0103366_p_1.jpg,182,196,666,339
casent0256618_p_1.jpg,343,181,634,304
casent0003242_p_1.jpg,377,147,792,339
casent0257620_p_1.jpg,245,170,542,284
casent0281671_p_1.jpg,344,151,707,326
casent0173737_p_1.jpg,339,203,686,312
casent0178767_p_1.jpg,260,168,592,275
casent0280920_p_1.jpg,313,126,694,250
casent0406985_p_1.jpg,246,159,563,264
casent0104332_p_1.jpg,382,200,731,310
casent0281642_p_1.jpg,483,209,714,398
antweb1041397_p_1.jpg,316,308,806,278
casent0103436_p_1.jpg,350,203,627,258
casent0255055_p_1.jpg,336,325,908,318
casent0605044_p_1.jpg,240,168,607,223
casent0251991_p_1.jpg,153,127,551,199
casent0280310_p_1.jpg,222,120,469,234
casent0178037_p_1.jpg,253,186,575,247
casent0610898_p_1.jpg,334,166,686,260
casent0005662_p_1.jpg,270,114,641,190
casent0087089_p_1.jpg,321,79,621,288
casent0217186_p_1.jpg,299,129,644,264
casent0102237_p_1.jpg,350,146,793,197
casent0423991_p_1.jpg,231,131,493,229
casent0199735_p_1.jpg,279,158,592,227
casent0005383_p_1.jpg,246,107,545,186
casent0249733_p_1.jpg,244,151,596,245
casent0104451_p_1.jpg,324,167,664,283
antweb1041110_p_1.jpg,183,140,494,197
casent0217868_p_1.jpg,271,111,612,271
casent0103822_p_1.jpg,374,206,696,279
casent0005375_p_1.jpg,237,81,543,168
casent0280369_p_1.jpg,192,155,454,240
casent0125221_p_1.jpg,352,222,733,270
casent0198091_p_1.jpg,310,183,603,315
casent0071425_p_1.jpg,270,330,561,404
casent0118147_p_1.jpg,306,159,661,264
casent0217808_p_1.jpg,420,81,686,245
casent0101500_p_1.jpg,218,221,643,363
casent0106169_p_1.jpg,225,238,579,402
casent0249720_p_1.jpg,428,142,806,258
casent0434368_p_1.jpg,189,133,545,210
casent0170928_p_1.jpg,198,182,631,292
casent0281363_p_1.jpg,343,170,658,284
casent0133607_p_1.jpg,470,152,763,332
casent0103246_p_1.jpg,208,172,663,246
casent0179930_p_1.jpg,504,173,906,263
casent0196863_p_1.jpg,408,164,758,221
casent0104612_p_1.jpg,304,188,643,365
casent0196540_p_1.jpg,256,138,593,184
antweb1008166_p_1.jpg,335,229,662,454
casent0101851_p_1.jpg,155,190,570,325
casent0003186_p_1.jpg,487,221,810,407
casent0219454_p_1.jpg,252,111,582,212
casent0102768_p_1.jpg,316,110,731,220
casent0179638_p_1.jpg,228,129,435,240
casent0192568_p_1.jpg,199,122,553,159
casent0317023_p_1.jpg,213,116,569,262
casent0016867_p_1.jpg,283,170,596,275
casent0280634_p_1.jpg,494,253,911,352
casent0281859_p_1.jpg,243,250,612,305
casent0006786_p_1.jpg,343,219,729,325
casent0410474_p_1.jpg,288,201,601,186
casent0103434_p_1.jpg,243,170,608,240
casent0246677_p_1.jpg,182,179,621,242
casent0032137_p_1.jpg,503,183,758,242
casent0619607_p_1.jpg,257,218,655,341
anic32032053_p_1.jpg,310,146,678,361
casent0218066_p_1.jpg,304,168,593,229
casent0281728_p_1.jpg,368,168,764,321
casent0282451_p_1.jpg,395,126,698,259
casent0188701_p_1.jpg,223,214,523,317
casent0100266_p_1.jpg,199,145,562,261
anic32-900180-1_p_1.jpg,322,245,690,329
antweb1008656_p_1.jpg,293,213,749,199
casent0010941_p_1.jpg,1260,293,853,433
casent0005363_p_1.jpg,297,197,566,247
14d709d-1_p_1.jpg,262,212,555,317
casent0103108_p_1.jpg,266,189,652,279
casent0249934_p_1.jpg,547,182,801,267
antweb1041403_p_1.jpg,599,193,1051,293
casent0005427_p_1.jpg,729,179,1084,173
casent0009235_p_1.jpg,205,153,562,260
casent0179577_p_1.jpg,435,305,755,407
casent0102657_p_1.jpg,409,158,804,256
casent0178699_p_1.jpg,144,194,562,264
casent0101241_p_1.jpg,363,352,985,329
casent0235825_p_1.jpg,457,178,729,323
casent0280031_p_1.jpg,222,142,486,249
casent0106226_p_1.jpg,323,135,644,291
casent0173421_p_1.jpg,203,153,560,271
casent0217328_p_1.jpg,493,196,899,354
casent0005598_p_1.jpg,402,114,767,278
casent0005996_p_1.jpg,213,133,629,247
casent0280004_p_1.jpg,220,186,539,315
casent0198579_p_1.jpg,465,190,742,275
casent0179456_p_1.jpg,185,115,582,255
casent0434519_p_1.jpg,276,278,702,390
casent0257010_p_1.jpg,315,142,605,229
casent0104933_p_1.jpg,292,140,671,224
casent0178347_p_1.jpg,271,90,654,155
anic32-900186-1_p_1.jpg,399,221,770,298
casent0178032_p_1.jpg,245,168,610,238
casent0107013_p_1.jpg,253,119,560,222
casent0136347_p_1.jpg,170,129,525,243
casent0101446_p_1.jpg,325,249,681,300
casent0103122_p_1.jpg,228,215,587,322
casent0104139_p_1.jpg,225,173,616,310
casent0251008_p_1.jpg,275,129,651,181
casent0172875_p_1.jpg,216,114,564,229
casent0102097_p_1.jpg,249,222,634,352
antweb1041186_p_1.jpg,206,144,506,243
casent0102456_p_1.jpg,588,339,1081,458
casent0172110_p_1.jpg,216,159,592,225
casent0104745_p_1.jpg,428,270,788,367
casent0101131_p_1.jpg,450,330,911,405
casent0101941_p_1.jpg,504,133,943,267
casent0178809_p_1.jpg,243,129,680,140
casent0103517_p_1.jpg,292,173,690,268
casent0249848_p_1.jpg,385,173,708,360
casent0104397_p_1.jpg,327,144,673,299
antweb1008196_p_1.jpg,193,296,799,280
casent0000392_p_1.jpg,298,160,660,249
casent0172058_p_1.jpg,224,145,679,256
antweb1048507_p_1.jpg,520,517,1036,627
casent0249495_p_1.jpg,311,149,621,211
casent0218418_p_1.jpg,308,203,671,271
casent0102502_p_1.jpg,287,157,669,276
casent0007114_p_1.jpg,276,181,630,262
casent0496840_p_1.jpg,335,194,734,259
